",features,Coefficients"
"0,poly__1,0.0"
"918,poly__Total_Amt_Chng_Q4_Q1 Total_Relationship_Count Total_Trans_Amt^2,-0.00046742945294585"
"798,poly__Months_Inactive_12_mon^2 Total_Amt_Chng_Q4_Q1^2,0.0007229264931344132"
"645,poly__Contacts_Count_12_mon Total_Ct_Chng_Q4_Q1 Total_Revolving_Bal^2,-0.0011921935460383205"
"476,poly__Avg_Utilization_Ratio Total_Ct_Chng_Q4_Q1 Total_Relationship_Count^2,-0.001319600171293075"
"697,poly__Dependent_count^2 Total_Relationship_Count^2,-0.0016631515731571882"
"555,poly__Contacts_Count_12_mon Dependent_count^2 Total_Relationship_Count,0.0018869042648376512"
"116,poly__Avg_Utilization_Ratio Total_Revolving_Bal Total_Trans_Amt,0.0024202381334917427"
"646,poly__Contacts_Count_12_mon Total_Ct_Chng_Q4_Q1 Total_Revolving_Bal Total_Trans_Amt,-0.002565861952248473"
"325,poly__Avg_Utilization_Ratio^2 Total_Amt_Chng_Q4_Q1 Total_Trans_Ct,-0.0026011233739114867"
"130,poly__Contacts_Count_12_mon Dependent_count^2,-0.002810025627064061"
"207,poly__Months_Inactive_12_mon^2 Total_Trans_Amt,0.0028417155759063078"
"736,poly__Dependent_count Total_Amt_Chng_Q4_Q1^2 Total_Ct_Chng_Q4_Q1,0.0032632398540786167"
"785,poly__Dependent_count Total_Revolving_Bal Total_Trans_Amt Total_Trans_Ct,-0.004338923544377151"
"582,poly__Contacts_Count_12_mon Dependent_count Total_Revolving_Bal Total_Trans_Amt,-0.005695738509331184"
"480,poly__Avg_Utilization_Ratio Total_Ct_Chng_Q4_Q1 Total_Revolving_Bal^2,-0.006269699055648919"
"465,poly__Avg_Utilization_Ratio Total_Amt_Chng_Q4_Q1 Total_Revolving_Bal^2,-0.007109956112100842"
"421,poly__Avg_Utilization_Ratio Dependent_count Total_Trans_Ct^2,0.007389261328198602"
"719,poly__Dependent_count Months_Inactive_12_mon Total_Amt_Chng_Q4_Q1 Total_Trans_Ct,0.007774750329860194"
"48,poly__Total_Amt_Chng_Q4_Q1 Total_Revolving_Bal,-0.007843109154218519"
"567,poly__Contacts_Count_12_mon Dependent_count Total_Amt_Chng_Q4_Q1 Total_Ct_Chng_Q4_Q1,0.007855770453812146"
"552,poly__Contacts_Count_12_mon Dependent_count^2 Months_Inactive_12_mon,-0.008357032417279022"
"829,poly__Months_Inactive_12_mon Total_Amt_Chng_Q4_Q1 Total_Ct_Chng_Q4_Q1 Total_Trans_Ct,-0.008770799701418032"
"151,poly__Contacts_Count_12_mon Total_Ct_Chng_Q4_Q1^2,-0.0096978702204096"
"591,poly__Contacts_Count_12_mon Months_Inactive_12_mon^2 Total_Revolving_Bal,-0.009860662114917713"
"298,poly__Avg_Utilization_Ratio^2 Contacts_Count_12_mon Months_Inactive_12_mon,0.011332585825635014"
"692,poly__Dependent_count^2 Total_Ct_Chng_Q4_Q1^2,0.011574394616611375"
"781,poly__Dependent_count Total_Revolving_Bal^3,-0.011667418939502865"
"786,poly__Dependent_count Total_Revolving_Bal Total_Trans_Ct^2,0.012161913883283403"
"459,poly__Avg_Utilization_Ratio Total_Amt_Chng_Q4_Q1 Total_Ct_Chng_Q4_Q1 Total_Trans_Amt,0.012806813642197176"
"251,poly__Total_Ct_Chng_Q4_Q1^3,0.012917833124701265"
"941,poly__Total_Ct_Chng_Q4_Q1^2 Total_Revolving_Bal Total_Trans_Amt,0.013118965841834165"
"713,poly__Dependent_count Months_Inactive_12_mon^2 Total_Trans_Ct,-0.01351558356690369"
"973,poly__Total_Relationship_Count^2 Total_Trans_Amt^2,0.01396926329666934"
"315,poly__Avg_Utilization_Ratio^2 Months_Inactive_12_mon Total_Ct_Chng_Q4_Q1,-0.013995168044770752"
"727,poly__Dependent_count Months_Inactive_12_mon Total_Relationship_Count Total_Trans_Amt,0.01405315455901592"
"93,poly__Avg_Utilization_Ratio Months_Inactive_12_mon^2,0.01410099156994247"
"531,poly__Contacts_Count_12_mon^2 Total_Amt_Chng_Q4_Q1 Total_Ct_Chng_Q4_Q1,0.014791600543174325"
"1003,remainder__Income_Category,-0.01510637309390237"
"366,poly__Avg_Utilization_Ratio Contacts_Count_12_mon Total_Amt_Chng_Q4_Q1 Total_Ct_Chng_Q4_Q1,0.015442476635176214"
"451,poly__Avg_Utilization_Ratio Total_Amt_Chng_Q4_Q1^2 Total_Ct_Chng_Q4_Q1,0.015502308678790717"
"412,poly__Avg_Utilization_Ratio Dependent_count Total_Relationship_Count^2,0.01570664373121108"
"378,poly__Avg_Utilization_Ratio Contacts_Count_12_mon Total_Relationship_Count Total_Trans_Amt,-0.015733439728184504"
"241,poly__Total_Amt_Chng_Q4_Q1 Total_Relationship_Count^2,-0.015856094531389815"
"324,poly__Avg_Utilization_Ratio^2 Total_Amt_Chng_Q4_Q1 Total_Trans_Amt,0.016099454055642313"
"931,poly__Total_Ct_Chng_Q4_Q1^4,-0.01654775608548235"
"967,poly__Total_Relationship_Count^3 Total_Revolving_Bal,-0.017005636727664242"
"175,poly__Dependent_count Months_Inactive_12_mon Total_Amt_Chng_Q4_Q1,-0.0174832610775565"
"932,poly__Total_Ct_Chng_Q4_Q1^3 Total_Relationship_Count,-0.017515358493150775"
"290,poly__Avg_Utilization_Ratio^3 Total_Amt_Chng_Q4_Q1,0.01775921993035768"
"875,poly__Total_Amt_Chng_Q4_Q1^4,-0.01780425348144156"
"561,poly__Contacts_Count_12_mon Dependent_count Months_Inactive_12_mon Total_Ct_Chng_Q4_Q1,-0.017858256663378196"
"415,poly__Avg_Utilization_Ratio Dependent_count Total_Relationship_Count Total_Trans_Ct,-0.018284905314212965"
"643,poly__Contacts_Count_12_mon Total_Ct_Chng_Q4_Q1 Total_Relationship_Count Total_Trans_Amt,-0.018497565608010323"
"428,poly__Avg_Utilization_Ratio Months_Inactive_12_mon^2 Total_Trans_Ct,-0.01922263599739681"
"161,poly__Contacts_Count_12_mon Total_Revolving_Bal Total_Trans_Amt,-0.021330882139431438"
"521,poly__Contacts_Count_12_mon^2 Dependent_count Total_Trans_Amt,-0.021662145934009624"
"439,poly__Avg_Utilization_Ratio Months_Inactive_12_mon Total_Ct_Chng_Q4_Q1 Total_Trans_Ct,-0.0218299195076533"
"534,poly__Contacts_Count_12_mon^2 Total_Amt_Chng_Q4_Q1 Total_Trans_Amt,-0.02204667634802783"
"262,poly__Total_Ct_Chng_Q4_Q1 Total_Revolving_Bal Total_Trans_Ct,0.022279372132163258"
"529,poly__Contacts_Count_12_mon^2 Months_Inactive_12_mon Total_Trans_Ct,-0.022768315641820365"
"614,poly__Contacts_Count_12_mon Months_Inactive_12_mon Total_Trans_Ct^2,0.022811209154340286"
"216,poly__Months_Inactive_12_mon Total_Ct_Chng_Q4_Q1 Total_Relationship_Count,-0.023038239036602022"
"235,poly__Total_Amt_Chng_Q4_Q1^2 Total_Trans_Ct,0.02363070177196792"
"296,poly__Avg_Utilization_Ratio^2 Contacts_Count_12_mon^2,-0.024423961918593383"
"678,poly__Dependent_count^3 Total_Trans_Ct,0.024594365468895017"
"783,poly__Dependent_count Total_Revolving_Bal^2 Total_Trans_Ct,-0.026428339668724554"
"354,poly__Avg_Utilization_Ratio Contacts_Count_12_mon Dependent_count Total_Relationship_Count,-0.026663114010205862"
"449,poly__Avg_Utilization_Ratio Months_Inactive_12_mon Total_Trans_Ct^2,0.027666707750900785"
"617,poly__Contacts_Count_12_mon Total_Amt_Chng_Q4_Q1^2 Total_Relationship_Count,0.027866043635221122"
"971,poly__Total_Relationship_Count^2 Total_Revolving_Bal Total_Trans_Amt,0.02799479662046419"
"876,poly__Total_Amt_Chng_Q4_Q1^3 Total_Ct_Chng_Q4_Q1,0.02855011323711359"
"342,poly__Avg_Utilization_Ratio Contacts_Count_12_mon^2 Dependent_count,0.029241115570599913"
"723,poly__Dependent_count Months_Inactive_12_mon Total_Ct_Chng_Q4_Q1 Total_Trans_Amt,-0.029385983503094085"
"977,poly__Total_Relationship_Count Total_Revolving_Bal^2 Total_Trans_Amt,0.02942626177643185"
"599,poly__Contacts_Count_12_mon Months_Inactive_12_mon Total_Amt_Chng_Q4_Q1 Total_Trans_Ct,0.030151685004008864"
"626,poly__Contacts_Count_12_mon Total_Amt_Chng_Q4_Q1 Total_Relationship_Count^2,0.03019618052087164"
"812,poly__Months_Inactive_12_mon^2 Total_Relationship_Count Total_Trans_Ct,-0.03090378015374476"
"139,poly__Contacts_Count_12_mon Months_Inactive_12_mon Total_Amt_Chng_Q4_Q1,0.03125581732537955"
"749,poly__Dependent_count Total_Amt_Chng_Q4_Q1 Total_Relationship_Count Total_Trans_Ct,-0.03126777831191366"
"132,poly__Contacts_Count_12_mon Dependent_count Total_Amt_Chng_Q4_Q1,-0.03152763229862951"
"817,poly__Months_Inactive_12_mon^2 Total_Trans_Amt Total_Trans_Ct,-0.031861413887517315"
"111,poly__Avg_Utilization_Ratio Total_Relationship_Count^2,0.03198506611173775"
"79,poly__Avg_Utilization_Ratio Contacts_Count_12_mon Total_Amt_Chng_Q4_Q1,-0.03372956132099572"
"566,poly__Contacts_Count_12_mon Dependent_count Total_Amt_Chng_Q4_Q1^2,0.033839444217788034"
"14,poly__Avg_Utilization_Ratio Months_Inactive_12_mon,-0.03440120819667368"
"85,poly__Avg_Utilization_Ratio Dependent_count^2,-0.034517745632429306"
"761,poly__Dependent_count Total_Ct_Chng_Q4_Q1 Total_Relationship_Count^2,-0.03521880711165847"
"484,poly__Avg_Utilization_Ratio Total_Ct_Chng_Q4_Q1 Total_Trans_Amt Total_Trans_Ct,-0.03533819927275638"
"620,poly__Contacts_Count_12_mon Total_Amt_Chng_Q4_Q1^2 Total_Trans_Ct,-0.035874328432108894"
"442,poly__Avg_Utilization_Ratio Months_Inactive_12_mon Total_Relationship_Count Total_Trans_Amt,0.03600327473036199"
"896,poly__Total_Amt_Chng_Q4_Q1 Total_Ct_Chng_Q4_Q1^3,-0.037280389141025265"
"663,poly__Contacts_Count_12_mon Total_Revolving_Bal^2 Total_Trans_Ct,-0.0375097188603012"
"536,poly__Contacts_Count_12_mon^2 Total_Ct_Chng_Q4_Q1^2,-0.03751357045062106"
"95,poly__Avg_Utilization_Ratio Months_Inactive_12_mon Total_Ct_Chng_Q4_Q1,-0.03890391333300728"
"673,poly__Dependent_count^3 Total_Amt_Chng_Q4_Q1,0.039038744092918395"
"157,poly__Contacts_Count_12_mon Total_Relationship_Count Total_Revolving_Bal,0.03911843906093881"
"790,poly__Dependent_count Total_Trans_Ct^3,0.03921529208502356"
"524,poly__Contacts_Count_12_mon^2 Months_Inactive_12_mon Total_Amt_Chng_Q4_Q1,0.039541142806175614"
"1004,remainder__Card_Category,-0.0404081063016985"
"78,poly__Avg_Utilization_Ratio Contacts_Count_12_mon Months_Inactive_12_mon,0.04046305915822389"
"425,poly__Avg_Utilization_Ratio Months_Inactive_12_mon^2 Total_Relationship_Count,0.040612903315060074"
"223,poly__Months_Inactive_12_mon Total_Relationship_Count Total_Trans_Ct,0.040705825873773235"
"71,poly__Avg_Utilization_Ratio^2 Total_Ct_Chng_Q4_Q1,0.041005465238804495"
"238,poly__Total_Amt_Chng_Q4_Q1 Total_Ct_Chng_Q4_Q1 Total_Revolving_Bal,-0.04108762060493039"
"792,poly__Months_Inactive_12_mon^3 Total_Amt_Chng_Q4_Q1,-0.04204001003406386"
"847,poly__Months_Inactive_12_mon Total_Ct_Chng_Q4_Q1 Total_Relationship_Count Total_Trans_Amt,0.042349875575533484"
"110,poly__Avg_Utilization_Ratio Total_Ct_Chng_Q4_Q1 Total_Trans_Ct,-0.04237820216377994"
"810,poly__Months_Inactive_12_mon^2 Total_Relationship_Count Total_Revolving_Bal,-0.04290747127046466"
"18,poly__Avg_Utilization_Ratio Total_Revolving_Bal,-0.04325365866188038"
"778,poly__Dependent_count Total_Relationship_Count Total_Trans_Amt^2,-0.04376570396861914"
"334,poly__Avg_Utilization_Ratio^2 Total_Relationship_Count Total_Trans_Ct,-0.04398309057833706"
"221,poly__Months_Inactive_12_mon Total_Relationship_Count Total_Revolving_Bal,-0.04462374227572347"
"413,poly__Avg_Utilization_Ratio Dependent_count Total_Relationship_Count Total_Revolving_Bal,0.04468986912898281"
"517,poly__Contacts_Count_12_mon^2 Dependent_count Total_Amt_Chng_Q4_Q1,-0.044984654646535546"
"533,poly__Contacts_Count_12_mon^2 Total_Amt_Chng_Q4_Q1 Total_Revolving_Bal,-0.04519090282990297"
"750,poly__Dependent_count Total_Amt_Chng_Q4_Q1 Total_Revolving_Bal^2,0.04606755213582474"
"23,poly__Contacts_Count_12_mon Months_Inactive_12_mon,-0.04634994714830116"
"890,poly__Total_Amt_Chng_Q4_Q1^2 Total_Revolving_Bal^2,-0.04642088044790376"
"607,poly__Contacts_Count_12_mon Months_Inactive_12_mon Total_Relationship_Count Total_Trans_Amt,-0.04657172107607328"
"211,poly__Months_Inactive_12_mon Total_Amt_Chng_Q4_Q1 Total_Relationship_Count,-0.046624486414703105"
"404,poly__Avg_Utilization_Ratio Dependent_count Total_Amt_Chng_Q4_Q1 Total_Revolving_Bal,-0.04752974962077684"
"1,poly__Avg_Utilization_Ratio,-0.04756428285884515"
"147,poly__Contacts_Count_12_mon Total_Amt_Chng_Q4_Q1 Total_Relationship_Count,0.04788134464061068"
"960,poly__Total_Ct_Chng_Q4_Q1 Total_Revolving_Bal Total_Trans_Amt Total_Trans_Ct,0.047922230085217"
"637,poly__Contacts_Count_12_mon Total_Ct_Chng_Q4_Q1^2 Total_Relationship_Count,-0.04792945549002895"
"102,poly__Avg_Utilization_Ratio Total_Amt_Chng_Q4_Q1 Total_Relationship_Count,0.04806078922351802"
"481,poly__Avg_Utilization_Ratio Total_Ct_Chng_Q4_Q1 Total_Revolving_Bal Total_Trans_Amt,0.04826236568727503"
"613,poly__Contacts_Count_12_mon Months_Inactive_12_mon Total_Trans_Amt Total_Trans_Ct,-0.04916169093731871"
"551,poly__Contacts_Count_12_mon Dependent_count^3,-0.05255218431430008"
"73,poly__Avg_Utilization_Ratio^2 Total_Revolving_Bal,0.052679419054885566"
"610,poly__Contacts_Count_12_mon Months_Inactive_12_mon Total_Revolving_Bal Total_Trans_Amt,0.053657968923451135"
"430,poly__Avg_Utilization_Ratio Months_Inactive_12_mon Total_Amt_Chng_Q4_Q1 Total_Ct_Chng_Q4_Q1,0.05473686273970336"
"152,poly__Contacts_Count_12_mon Total_Ct_Chng_Q4_Q1 Total_Relationship_Count,-0.05501762838619914"
"576,poly__Contacts_Count_12_mon Dependent_count Total_Ct_Chng_Q4_Q1 Total_Trans_Ct,0.05591906649512162"
"304,poly__Avg_Utilization_Ratio^2 Contacts_Count_12_mon Total_Trans_Ct,-0.056749862936754124"
"32,poly__Dependent_count Total_Amt_Chng_Q4_Q1,-0.05714891674637963"
"887,poly__Total_Amt_Chng_Q4_Q1^2 Total_Relationship_Count Total_Revolving_Bal,0.05740096168449305"
"15,poly__Avg_Utilization_Ratio Total_Amt_Chng_Q4_Q1,-0.05747985773363685"
"205,poly__Months_Inactive_12_mon^2 Total_Relationship_Count,-0.057743487382812056"
"974,poly__Total_Relationship_Count^2 Total_Trans_Amt Total_Trans_Ct,-0.05812041478866845"
"184,poly__Dependent_count Total_Amt_Chng_Q4_Q1 Total_Revolving_Bal,-0.05875395609678115"
"36,poly__Dependent_count Total_Trans_Amt,-0.05881581030182808"
"834,poly__Months_Inactive_12_mon Total_Amt_Chng_Q4_Q1 Total_Revolving_Bal^2,-0.05906165085639563"
"522,poly__Contacts_Count_12_mon^2 Dependent_count Total_Trans_Ct,0.05965436062625749"
"840,poly__Months_Inactive_12_mon Total_Ct_Chng_Q4_Q1^3,0.06026922851991849"
"169,poly__Dependent_count^2 Total_Ct_Chng_Q4_Q1,0.06038438756943282"
"639,poly__Contacts_Count_12_mon Total_Ct_Chng_Q4_Q1^2 Total_Trans_Amt,-0.060472876518418144"
"340,poly__Avg_Utilization_Ratio^2 Total_Trans_Ct^2,-0.06158888194365839"
"411,poly__Avg_Utilization_Ratio Dependent_count Total_Ct_Chng_Q4_Q1 Total_Trans_Ct,-0.0627324815148766"
"743,poly__Dependent_count Total_Amt_Chng_Q4_Q1 Total_Ct_Chng_Q4_Q1 Total_Revolving_Bal,-0.06280169160166088"
"136,poly__Contacts_Count_12_mon Dependent_count Total_Trans_Amt,0.0631171033313247"
"380,poly__Avg_Utilization_Ratio Contacts_Count_12_mon Total_Revolving_Bal^2,0.06344854070608953"
"133,poly__Contacts_Count_12_mon Dependent_count Total_Ct_Chng_Q4_Q1,0.06376270536599432"
"387,poly__Avg_Utilization_Ratio Dependent_count^2 Months_Inactive_12_mon,-0.06428977069615696"
"316,poly__Avg_Utilization_Ratio^2 Months_Inactive_12_mon Total_Relationship_Count,-0.0645295539377446"
"952,poly__Total_Ct_Chng_Q4_Q1 Total_Relationship_Count Total_Revolving_Bal Total_Trans_Ct,0.0647899889881714"
"553,poly__Contacts_Count_12_mon Dependent_count^2 Total_Amt_Chng_Q4_Q1,-0.06498128208696848"
"96,poly__Avg_Utilization_Ratio Months_Inactive_12_mon Total_Relationship_Count,-0.06513264732797781"
"337,poly__Avg_Utilization_Ratio^2 Total_Revolving_Bal Total_Trans_Ct,0.06525700565182137"
"301,poly__Avg_Utilization_Ratio^2 Contacts_Count_12_mon Total_Relationship_Count,0.06630790311408874"
"549,poly__Contacts_Count_12_mon^2 Total_Trans_Amt Total_Trans_Ct,0.0663902879783371"
"419,poly__Avg_Utilization_Ratio Dependent_count Total_Trans_Amt^2,-0.06758565954508008"
"846,poly__Months_Inactive_12_mon Total_Ct_Chng_Q4_Q1 Total_Relationship_Count Total_Revolving_Bal,-0.06760626726669741"
"545,poly__Contacts_Count_12_mon^2 Total_Revolving_Bal^2,0.06806832575495524"
"570,poly__Contacts_Count_12_mon Dependent_count Total_Amt_Chng_Q4_Q1 Total_Trans_Amt,-0.06811668004845257"
"543,poly__Contacts_Count_12_mon^2 Total_Relationship_Count Total_Trans_Amt,-0.06821210630465466"
"677,poly__Dependent_count^3 Total_Trans_Amt,-0.06830461381630819"
"513,poly__Contacts_Count_12_mon^3 Total_Trans_Amt,0.06851570291168188"
"585,poly__Contacts_Count_12_mon Dependent_count Total_Trans_Amt Total_Trans_Ct,-0.06875044332103489"
"81,poly__Avg_Utilization_Ratio Contacts_Count_12_mon Total_Relationship_Count,0.06888187685401143"
"756,poly__Dependent_count Total_Ct_Chng_Q4_Q1^3,0.06944009634170538"
"542,poly__Contacts_Count_12_mon^2 Total_Relationship_Count Total_Revolving_Bal,-0.06956568418826661"
"744,poly__Dependent_count Total_Amt_Chng_Q4_Q1 Total_Ct_Chng_Q4_Q1 Total_Trans_Amt,0.06993077369770336"
"236,poly__Total_Amt_Chng_Q4_Q1 Total_Ct_Chng_Q4_Q1^2,-0.07078813936841678"
"895,poly__Total_Amt_Chng_Q4_Q1^2 Total_Trans_Ct^2,0.07121869371975098"
"397,poly__Avg_Utilization_Ratio Dependent_count Months_Inactive_12_mon Total_Relationship_Count,0.07162528190320706"
"1001,remainder__Education_Level,0.07198739192455512"
"515,poly__Contacts_Count_12_mon^2 Dependent_count^2,0.07223189106742707"
"571,poly__Contacts_Count_12_mon Dependent_count Total_Amt_Chng_Q4_Q1 Total_Trans_Ct,-0.07264632132742518"
"124,poly__Contacts_Count_12_mon^2 Total_Amt_Chng_Q4_Q1,0.07541298146256209"
"187,poly__Dependent_count Total_Ct_Chng_Q4_Q1^2,0.07567410773791655"
"760,poly__Dependent_count Total_Ct_Chng_Q4_Q1^2 Total_Trans_Ct,-0.07574125827935033"
"748,poly__Dependent_count Total_Amt_Chng_Q4_Q1 Total_Relationship_Count Total_Trans_Amt,0.07588609127353689"
"560,poly__Contacts_Count_12_mon Dependent_count Months_Inactive_12_mon Total_Amt_Chng_Q4_Q1,-0.07605777961400968"
"825,poly__Months_Inactive_12_mon Total_Amt_Chng_Q4_Q1 Total_Ct_Chng_Q4_Q1^2,0.07632704317091275"
"189,poly__Dependent_count Total_Ct_Chng_Q4_Q1 Total_Revolving_Bal,0.0776937949700188"
"25,poly__Contacts_Count_12_mon Total_Ct_Chng_Q4_Q1,-0.07791617902065788"
"142,poly__Contacts_Count_12_mon Months_Inactive_12_mon Total_Revolving_Bal,0.07813583420012814"
"659,poly__Contacts_Count_12_mon Total_Relationship_Count Total_Trans_Amt Total_Trans_Ct,0.0786552892942502"
"799,poly__Months_Inactive_12_mon^2 Total_Amt_Chng_Q4_Q1 Total_Ct_Chng_Q4_Q1,-0.07878596149956378"
"181,poly__Dependent_count Total_Amt_Chng_Q4_Q1^2,-0.07964078636875195"
"135,poly__Contacts_Count_12_mon Dependent_count Total_Revolving_Bal,0.0798495322520117"
"202,poly__Months_Inactive_12_mon^3,0.08038090967719219"
"17,poly__Avg_Utilization_Ratio Total_Relationship_Count,-0.08062572243250153"
"915,poly__Total_Amt_Chng_Q4_Q1 Total_Relationship_Count Total_Revolving_Bal^2,-0.08065880291200406"
"666,poly__Contacts_Count_12_mon Total_Revolving_Bal Total_Trans_Ct^2,-0.08069502786218312"
"990,poly__Total_Revolving_Bal^2 Total_Trans_Amt Total_Trans_Ct,-0.08073277247797458"
"403,poly__Avg_Utilization_Ratio Dependent_count Total_Amt_Chng_Q4_Q1 Total_Relationship_Count,-0.0807892788620748"
"768,poly__Dependent_count Total_Ct_Chng_Q4_Q1 Total_Trans_Amt^2,-0.08086849176613126"
"738,poly__Dependent_count Total_Amt_Chng_Q4_Q1^2 Total_Revolving_Bal,-0.08127015679290883"
"112,poly__Avg_Utilization_Ratio Total_Relationship_Count Total_Revolving_Bal,-0.08138151494745553"
"60,poly__Total_Revolving_Bal^2,0.08197805047922249"
"665,poly__Contacts_Count_12_mon Total_Revolving_Bal Total_Trans_Amt Total_Trans_Ct,-0.08288211720268766"
"709,poly__Dependent_count Months_Inactive_12_mon^2 Total_Ct_Chng_Q4_Q1,0.08292873424978019"
"695,poly__Dependent_count^2 Total_Ct_Chng_Q4_Q1 Total_Trans_Amt,-0.0831407934024625"
"317,poly__Avg_Utilization_Ratio^2 Months_Inactive_12_mon Total_Revolving_Bal,-0.08472852170321864"
"401,poly__Avg_Utilization_Ratio Dependent_count Total_Amt_Chng_Q4_Q1^2,0.08657628313366582"
"104,poly__Avg_Utilization_Ratio Total_Amt_Chng_Q4_Q1 Total_Trans_Amt,0.087848171665408"
"980,poly__Total_Relationship_Count Total_Revolving_Bal Total_Trans_Amt Total_Trans_Ct,0.08793929010474222"
"777,poly__Dependent_count Total_Relationship_Count Total_Revolving_Bal Total_Trans_Ct,-0.08799231453767432"
"474,poly__Avg_Utilization_Ratio Total_Ct_Chng_Q4_Q1^2 Total_Trans_Amt,-0.08806029720258565"
"405,poly__Avg_Utilization_Ratio Dependent_count Total_Amt_Chng_Q4_Q1 Total_Trans_Amt,0.08889075294777965"
"377,poly__Avg_Utilization_Ratio Contacts_Count_12_mon Total_Relationship_Count Total_Revolving_Bal,-0.08910755110055936"
"754,poly__Dependent_count Total_Amt_Chng_Q4_Q1 Total_Trans_Amt Total_Trans_Ct,-0.08929190448238893"
"796,poly__Months_Inactive_12_mon^3 Total_Trans_Amt,0.08946141509656676"
"942,poly__Total_Ct_Chng_Q4_Q1^2 Total_Revolving_Bal Total_Trans_Ct,0.08959639061324715"
"172,poly__Dependent_count^2 Total_Trans_Amt,0.0896944843294276"
"218,poly__Months_Inactive_12_mon Total_Ct_Chng_Q4_Q1 Total_Trans_Amt,0.08989453194522523"
"303,poly__Avg_Utilization_Ratio^2 Contacts_Count_12_mon Total_Trans_Amt,-0.09037390504084401"
"835,poly__Months_Inactive_12_mon Total_Amt_Chng_Q4_Q1 Total_Revolving_Bal Total_Trans_Amt,-0.09037558676496565"
"955,poly__Total_Ct_Chng_Q4_Q1 Total_Relationship_Count Total_Trans_Ct^2,0.0906478944718275"
"47,poly__Total_Amt_Chng_Q4_Q1 Total_Relationship_Count,0.09150637280281528"
"173,poly__Dependent_count^2 Total_Trans_Ct,-0.09161579219155538"
"828,poly__Months_Inactive_12_mon Total_Amt_Chng_Q4_Q1 Total_Ct_Chng_Q4_Q1 Total_Trans_Amt,-0.09299139200206719"
"539,poly__Contacts_Count_12_mon^2 Total_Ct_Chng_Q4_Q1 Total_Trans_Amt,-0.09316506666824682"
"393,poly__Avg_Utilization_Ratio Dependent_count^2 Total_Trans_Ct,-0.09345527229750346"
"827,poly__Months_Inactive_12_mon Total_Amt_Chng_Q4_Q1 Total_Ct_Chng_Q4_Q1 Total_Revolving_Bal,-0.09373781138471109"
"1002,remainder__Marital_Status,0.09413719032352191"
"440,poly__Avg_Utilization_Ratio Months_Inactive_12_mon Total_Relationship_Count^2,-0.09417699729234512"
"168,poly__Dependent_count^2 Total_Amt_Chng_Q4_Q1,-0.09469581319434528"
"50,poly__Total_Amt_Chng_Q4_Q1 Total_Trans_Ct,0.09515256426600055"
"149,poly__Contacts_Count_12_mon Total_Amt_Chng_Q4_Q1 Total_Trans_Amt,0.09532979243156521"
"328,poly__Avg_Utilization_Ratio^2 Total_Ct_Chng_Q4_Q1 Total_Revolving_Bal,0.09536781498582797"
"385,poly__Avg_Utilization_Ratio Contacts_Count_12_mon Total_Trans_Ct^2,-0.09538745687079773"
"883,poly__Total_Amt_Chng_Q4_Q1^2 Total_Ct_Chng_Q4_Q1 Total_Revolving_Bal,0.09544453529801075"
"705,poly__Dependent_count^2 Total_Trans_Amt Total_Trans_Ct,-0.0955994600741104"
"178,poly__Dependent_count Months_Inactive_12_mon Total_Revolving_Bal,-0.09564823313709891"
"734,poly__Dependent_count Months_Inactive_12_mon Total_Trans_Ct^2,-0.09656529160075333"
"855,poly__Months_Inactive_12_mon Total_Relationship_Count^3,0.0969522410296575"
"833,poly__Months_Inactive_12_mon Total_Amt_Chng_Q4_Q1 Total_Relationship_Count Total_Trans_Ct,-0.09721500653760726"
"588,poly__Contacts_Count_12_mon Months_Inactive_12_mon^2 Total_Amt_Chng_Q4_Q1,0.09885606363368768"
"948,poly__Total_Ct_Chng_Q4_Q1 Total_Relationship_Count^2 Total_Trans_Amt,0.09945139618099783"
"636,poly__Contacts_Count_12_mon Total_Ct_Chng_Q4_Q1^3,0.10005989023624834"
"671,poly__Dependent_count^4,-0.10056446345881358"
"206,poly__Months_Inactive_12_mon^2 Total_Revolving_Bal,-0.1008436794887226"
"751,poly__Dependent_count Total_Amt_Chng_Q4_Q1 Total_Revolving_Bal Total_Trans_Amt,-0.10091109806508398"
"809,poly__Months_Inactive_12_mon^2 Total_Relationship_Count^2,-0.10134168150848055"
"176,poly__Dependent_count Months_Inactive_12_mon Total_Ct_Chng_Q4_Q1,-0.10280207196962768"
"140,poly__Contacts_Count_12_mon Months_Inactive_12_mon Total_Ct_Chng_Q4_Q1,-0.10294468980008686"
"293,poly__Avg_Utilization_Ratio^3 Total_Revolving_Bal,-0.10362403330190673"
"46,poly__Total_Amt_Chng_Q4_Q1 Total_Ct_Chng_Q4_Q1,-0.10371164658694396"
"193,poly__Dependent_count Total_Relationship_Count Total_Revolving_Bal,0.10479817980211205"
"496,poly__Avg_Utilization_Ratio Total_Revolving_Bal^3,-0.10685583723571712"
"429,poly__Avg_Utilization_Ratio Months_Inactive_12_mon Total_Amt_Chng_Q4_Q1^2,-0.10833180232589029"
"255,poly__Total_Ct_Chng_Q4_Q1^2 Total_Trans_Ct,-0.1087962535509761"
"899,poly__Total_Amt_Chng_Q4_Q1 Total_Ct_Chng_Q4_Q1^2 Total_Trans_Amt,0.10892263270927205"
"595,poly__Contacts_Count_12_mon Months_Inactive_12_mon Total_Amt_Chng_Q4_Q1 Total_Ct_Chng_Q4_Q1,-0.10924962172032503"
"53,poly__Total_Ct_Chng_Q4_Q1 Total_Revolving_Bal,0.109333661357039"
"641,poly__Contacts_Count_12_mon Total_Ct_Chng_Q4_Q1 Total_Relationship_Count^2,-0.1095761491813423"
"528,poly__Contacts_Count_12_mon^2 Months_Inactive_12_mon Total_Trans_Amt,0.10986125243687349"
"850,poly__Months_Inactive_12_mon Total_Ct_Chng_Q4_Q1 Total_Revolving_Bal Total_Trans_Amt,0.1101051612260545"
"4,poly__Months_Inactive_12_mon,-0.1101615530058833"
"400,poly__Avg_Utilization_Ratio Dependent_count Months_Inactive_12_mon Total_Trans_Ct,-0.11069530148449924"
"784,poly__Dependent_count Total_Revolving_Bal Total_Trans_Amt^2,-0.11074412545945553"
"98,poly__Avg_Utilization_Ratio Months_Inactive_12_mon Total_Trans_Amt,-0.11112799679696432"
"217,poly__Months_Inactive_12_mon Total_Ct_Chng_Q4_Q1 Total_Revolving_Bal,-0.11118018408166011"
"114,poly__Avg_Utilization_Ratio Total_Relationship_Count Total_Trans_Ct,-0.11254867371357206"
"90,poly__Avg_Utilization_Ratio Dependent_count Total_Revolving_Bal,0.11262078040641509"
"343,poly__Avg_Utilization_Ratio Contacts_Count_12_mon^2 Months_Inactive_12_mon,-0.11324919999621491"
"702,poly__Dependent_count^2 Total_Revolving_Bal Total_Trans_Amt,-0.11334761462711128"
"443,poly__Avg_Utilization_Ratio Months_Inactive_12_mon Total_Relationship_Count Total_Trans_Ct,-0.1136394067401125"
"684,poly__Dependent_count^2 Months_Inactive_12_mon Total_Trans_Amt,-0.11494970533567679"
"281,poly__Total_Revolving_Bal Total_Trans_Ct^2,0.11535899439277669"
"874,poly__Months_Inactive_12_mon Total_Trans_Ct^3,-0.11638746935827068"
"399,poly__Avg_Utilization_Ratio Dependent_count Months_Inactive_12_mon Total_Trans_Amt,-0.11693601821203808"
"242,poly__Total_Amt_Chng_Q4_Q1 Total_Relationship_Count Total_Revolving_Bal,0.11721746106663959"
"237,poly__Total_Amt_Chng_Q4_Q1 Total_Ct_Chng_Q4_Q1 Total_Relationship_Count,-0.11734984290951109"
"362,poly__Avg_Utilization_Ratio Contacts_Count_12_mon Months_Inactive_12_mon Total_Revolving_Bal,0.11796580245472081"
"479,poly__Avg_Utilization_Ratio Total_Ct_Chng_Q4_Q1 Total_Relationship_Count Total_Trans_Ct,0.11880321049797575"
"900,poly__Total_Amt_Chng_Q4_Q1 Total_Ct_Chng_Q4_Q1^2 Total_Trans_Ct,0.1213664051772074"
"844,poly__Months_Inactive_12_mon Total_Ct_Chng_Q4_Q1^2 Total_Trans_Ct,-0.12155511901897224"
"519,poly__Contacts_Count_12_mon^2 Dependent_count Total_Relationship_Count,-0.12205171122918287"
"546,poly__Contacts_Count_12_mon^2 Total_Revolving_Bal Total_Trans_Amt,-0.12269281000908587"
"423,poly__Avg_Utilization_Ratio Months_Inactive_12_mon^2 Total_Amt_Chng_Q4_Q1,0.12295972268640787"
"759,poly__Dependent_count Total_Ct_Chng_Q4_Q1^2 Total_Trans_Amt,-0.1234779077395821"
"270,poly__Total_Relationship_Count Total_Revolving_Bal^2,-0.12397728478992844"
"75,poly__Avg_Utilization_Ratio^2 Total_Trans_Ct,0.12403344942659489"
"698,poly__Dependent_count^2 Total_Relationship_Count Total_Revolving_Bal,0.1242469287458701"
"200,poly__Dependent_count Total_Trans_Amt Total_Trans_Ct,0.12478421536815078"
"881,poly__Total_Amt_Chng_Q4_Q1^2 Total_Ct_Chng_Q4_Q1^2,0.12605531225807592"
"137,poly__Contacts_Count_12_mon Dependent_count Total_Trans_Ct,-0.12720972137788253"
"76,poly__Avg_Utilization_Ratio Contacts_Count_12_mon^2,-0.12851768982194595"
"117,poly__Avg_Utilization_Ratio Total_Revolving_Bal Total_Trans_Ct,0.12886349467751837"
"355,poly__Avg_Utilization_Ratio Contacts_Count_12_mon Dependent_count Total_Revolving_Bal,-0.1293977095499924"
"89,poly__Avg_Utilization_Ratio Dependent_count Total_Relationship_Count,0.12969279621997123"
"573,poly__Contacts_Count_12_mon Dependent_count Total_Ct_Chng_Q4_Q1 Total_Relationship_Count,0.13062123656450375"
"395,poly__Avg_Utilization_Ratio Dependent_count Months_Inactive_12_mon Total_Amt_Chng_Q4_Q1,-0.1313553217015058"
"583,poly__Contacts_Count_12_mon Dependent_count Total_Revolving_Bal Total_Trans_Ct,-0.13156128255294372"
"820,poly__Months_Inactive_12_mon Total_Amt_Chng_Q4_Q1^2 Total_Ct_Chng_Q4_Q1,-0.13234355424753871"
"672,poly__Dependent_count^3 Months_Inactive_12_mon,0.13234952017645316"
"788,poly__Dependent_count Total_Trans_Amt^2 Total_Trans_Ct,-0.13411881541134438"
"936,poly__Total_Ct_Chng_Q4_Q1^2 Total_Relationship_Count^2,-0.13466021666658223"
"722,poly__Dependent_count Months_Inactive_12_mon Total_Ct_Chng_Q4_Q1 Total_Revolving_Bal,0.13522042548822308"
"228,poly__Months_Inactive_12_mon Total_Trans_Amt Total_Trans_Ct,-0.1357729975920531"
"299,poly__Avg_Utilization_Ratio^2 Contacts_Count_12_mon Total_Amt_Chng_Q4_Q1,0.13597843367912416"
"688,poly__Dependent_count^2 Total_Amt_Chng_Q4_Q1 Total_Relationship_Count,-0.13904615584488242"
"953,poly__Total_Ct_Chng_Q4_Q1 Total_Relationship_Count Total_Trans_Amt^2,0.13907159283572157"
"680,poly__Dependent_count^2 Months_Inactive_12_mon Total_Amt_Chng_Q4_Q1,-0.14036375562951625"
"280,poly__Total_Revolving_Bal Total_Trans_Amt Total_Trans_Ct,-0.14063287297513535"
"837,poly__Months_Inactive_12_mon Total_Amt_Chng_Q4_Q1 Total_Trans_Amt^2,-0.14127088236824667"
"508,poly__Contacts_Count_12_mon^3 Months_Inactive_12_mon,0.1414800970649992"
"776,poly__Dependent_count Total_Relationship_Count Total_Revolving_Bal Total_Trans_Amt,-0.14292007864638318"
"793,poly__Months_Inactive_12_mon^3 Total_Ct_Chng_Q4_Q1,-0.14306591213793818"
"344,poly__Avg_Utilization_Ratio Contacts_Count_12_mon^2 Total_Amt_Chng_Q4_Q1,0.14324347582536145"
"683,poly__Dependent_count^2 Months_Inactive_12_mon Total_Revolving_Bal,0.14349053048409222"
"911,poly__Total_Amt_Chng_Q4_Q1 Total_Relationship_Count^3,0.14363176727948349"
"288,poly__Avg_Utilization_Ratio^3 Dependent_count,0.1440796895113538"
"694,poly__Dependent_count^2 Total_Ct_Chng_Q4_Q1 Total_Revolving_Bal,-0.14413652554894896"
"101,poly__Avg_Utilization_Ratio Total_Amt_Chng_Q4_Q1 Total_Ct_Chng_Q4_Q1,-0.14434775477252315"
"914,poly__Total_Amt_Chng_Q4_Q1 Total_Relationship_Count^2 Total_Trans_Ct,0.1450606172110978"
"460,poly__Avg_Utilization_Ratio Total_Amt_Chng_Q4_Q1 Total_Ct_Chng_Q4_Q1 Total_Trans_Ct,-0.1455397266065516"
"192,poly__Dependent_count Total_Relationship_Count^2,-0.14565537895414665"
"289,poly__Avg_Utilization_Ratio^3 Months_Inactive_12_mon,0.14586479340467984"
"155,poly__Contacts_Count_12_mon Total_Ct_Chng_Q4_Q1 Total_Trans_Ct,0.1459077783379329"
"125,poly__Contacts_Count_12_mon^2 Total_Ct_Chng_Q4_Q1,0.1480077163264968"
"540,poly__Contacts_Count_12_mon^2 Total_Ct_Chng_Q4_Q1 Total_Trans_Ct,0.1481376273530757"
"601,poly__Contacts_Count_12_mon Months_Inactive_12_mon Total_Ct_Chng_Q4_Q1 Total_Relationship_Count,0.14836215145382411"
"961,poly__Total_Ct_Chng_Q4_Q1 Total_Revolving_Bal Total_Trans_Ct^2,-0.1488669840302256"
"959,poly__Total_Ct_Chng_Q4_Q1 Total_Revolving_Bal Total_Trans_Amt^2,-0.14926509546433875"
"24,poly__Contacts_Count_12_mon Total_Amt_Chng_Q4_Q1,-0.1498664532361883"
"69,poly__Avg_Utilization_Ratio^2 Months_Inactive_12_mon,-0.15215658468834478"
"848,poly__Months_Inactive_12_mon Total_Ct_Chng_Q4_Q1 Total_Relationship_Count Total_Trans_Ct,0.1522336160295854"
"74,poly__Avg_Utilization_Ratio^2 Total_Trans_Amt,-0.15246473862485543"
"464,poly__Avg_Utilization_Ratio Total_Amt_Chng_Q4_Q1 Total_Relationship_Count Total_Trans_Ct,0.1525984152119443"
"897,poly__Total_Amt_Chng_Q4_Q1 Total_Ct_Chng_Q4_Q1^2 Total_Relationship_Count,-0.15376407645104045"
"274,poly__Total_Relationship_Count Total_Trans_Amt Total_Trans_Ct,-0.15430035041773807"
"113,poly__Avg_Utilization_Ratio Total_Relationship_Count Total_Trans_Amt,0.15481334458399584"
"492,poly__Avg_Utilization_Ratio Total_Relationship_Count Total_Revolving_Bal Total_Trans_Ct,-0.15497930480853708"
"418,poly__Avg_Utilization_Ratio Dependent_count Total_Revolving_Bal Total_Trans_Ct,0.15529898070802164"
"725,poly__Dependent_count Months_Inactive_12_mon Total_Relationship_Count^2,0.15559974775004723"
"61,poly__Total_Revolving_Bal Total_Trans_Amt,-0.15575415772639786"
"150,poly__Contacts_Count_12_mon Total_Amt_Chng_Q4_Q1 Total_Trans_Ct,0.1563023870787541"
"556,poly__Contacts_Count_12_mon Dependent_count^2 Total_Revolving_Bal,-0.1567728814496685"
"198,poly__Dependent_count Total_Revolving_Bal Total_Trans_Ct,-0.1571194266981092"
"103,poly__Avg_Utilization_Ratio Total_Amt_Chng_Q4_Q1 Total_Revolving_Bal,-0.15717786147089302"
"894,poly__Total_Amt_Chng_Q4_Q1^2 Total_Trans_Amt Total_Trans_Ct,0.15765435095103003"
"856,poly__Months_Inactive_12_mon Total_Relationship_Count^2 Total_Revolving_Bal,-0.15780549363348872"
"632,poly__Contacts_Count_12_mon Total_Amt_Chng_Q4_Q1 Total_Revolving_Bal Total_Trans_Ct,-0.15856897933711364"
"436,poly__Avg_Utilization_Ratio Months_Inactive_12_mon Total_Ct_Chng_Q4_Q1 Total_Relationship_Count,-0.15871581710935317"
"642,poly__Contacts_Count_12_mon Total_Ct_Chng_Q4_Q1 Total_Relationship_Count Total_Revolving_Bal,0.15929686895078815"
"917,poly__Total_Amt_Chng_Q4_Q1 Total_Relationship_Count Total_Revolving_Bal Total_Trans_Ct,-0.15940362312658715"
"16,poly__Avg_Utilization_Ratio Total_Ct_Chng_Q4_Q1,0.15961492743666147"
"822,poly__Months_Inactive_12_mon Total_Amt_Chng_Q4_Q1^2 Total_Revolving_Bal,-0.16132875875986508"
"718,poly__Dependent_count Months_Inactive_12_mon Total_Amt_Chng_Q4_Q1 Total_Trans_Amt,-0.1616080255370463"
"527,poly__Contacts_Count_12_mon^2 Months_Inactive_12_mon Total_Revolving_Bal,0.16163936324994227"
"644,poly__Contacts_Count_12_mon Total_Ct_Chng_Q4_Q1 Total_Relationship_Count Total_Trans_Ct,0.16177591319332002"
"577,poly__Contacts_Count_12_mon Dependent_count Total_Relationship_Count^2,0.16225735297986782"
"194,poly__Dependent_count Total_Relationship_Count Total_Trans_Amt,0.16261374414859017"
"547,poly__Contacts_Count_12_mon^2 Total_Revolving_Bal Total_Trans_Ct,0.16279010446112652"
"703,poly__Dependent_count^2 Total_Revolving_Bal Total_Trans_Ct,-0.16314566998209834"
"368,poly__Avg_Utilization_Ratio Contacts_Count_12_mon Total_Amt_Chng_Q4_Q1 Total_Revolving_Bal,-0.16406510214253803"
"309,poly__Avg_Utilization_Ratio^2 Dependent_count Total_Relationship_Count,0.16439113805023486"
"246,poly__Total_Amt_Chng_Q4_Q1 Total_Revolving_Bal Total_Trans_Amt,-0.1654850975346882"
"119,poly__Avg_Utilization_Ratio Total_Trans_Amt Total_Trans_Ct,-0.16569783650342318"
"940,poly__Total_Ct_Chng_Q4_Q1^2 Total_Revolving_Bal^2,0.16586107881938564"
"946,poly__Total_Ct_Chng_Q4_Q1 Total_Relationship_Count^3,0.16656814721974003"
"554,poly__Contacts_Count_12_mon Dependent_count^2 Total_Ct_Chng_Q4_Q1,-0.16688179206113082"
"306,poly__Avg_Utilization_Ratio^2 Dependent_count Months_Inactive_12_mon,0.16730481588382248"
"633,poly__Contacts_Count_12_mon Total_Amt_Chng_Q4_Q1 Total_Trans_Amt^2,-0.16745704054631788"
"361,poly__Avg_Utilization_Ratio Contacts_Count_12_mon Months_Inactive_12_mon Total_Relationship_Count,-0.16765300906975544"
"499,poly__Avg_Utilization_Ratio Total_Revolving_Bal Total_Trans_Amt^2,0.16777558146844807"
"386,poly__Avg_Utilization_Ratio Dependent_count^3,-0.1689322852568098"
"732,poly__Dependent_count Months_Inactive_12_mon Total_Trans_Amt^2,0.1691451215030361"
"35,poly__Dependent_count Total_Revolving_Bal,0.16931685639401348"
"689,poly__Dependent_count^2 Total_Amt_Chng_Q4_Q1 Total_Revolving_Bal,0.1694418590833138"
"770,poly__Dependent_count Total_Ct_Chng_Q4_Q1 Total_Trans_Ct^2,0.16975842811292657"
"307,poly__Avg_Utilization_Ratio^2 Dependent_count Total_Amt_Chng_Q4_Q1,0.17127766598810493"
"985,poly__Total_Relationship_Count Total_Trans_Ct^3,0.17134419381912255"
"935,poly__Total_Ct_Chng_Q4_Q1^3 Total_Trans_Ct,-0.17144828050589767"
"758,poly__Dependent_count Total_Ct_Chng_Q4_Q1^2 Total_Revolving_Bal,-0.17160974077035346"
"824,poly__Months_Inactive_12_mon Total_Amt_Chng_Q4_Q1^2 Total_Trans_Ct,0.17200402606859816"
"831,poly__Months_Inactive_12_mon Total_Amt_Chng_Q4_Q1 Total_Relationship_Count Total_Revolving_Bal,0.17261127352830902"
"33,poly__Dependent_count Total_Ct_Chng_Q4_Q1,-0.17403237675989028"
"367,poly__Avg_Utilization_Ratio Contacts_Count_12_mon Total_Amt_Chng_Q4_Q1 Total_Relationship_Count,-0.17512356518388797"
"587,poly__Contacts_Count_12_mon Months_Inactive_12_mon^3,0.17540644487314944"
"594,poly__Contacts_Count_12_mon Months_Inactive_12_mon Total_Amt_Chng_Q4_Q1^2,0.1755053905065132"
"352,poly__Avg_Utilization_Ratio Contacts_Count_12_mon Dependent_count Total_Amt_Chng_Q4_Q1,-0.17587378370155182"
"231,poly__Total_Amt_Chng_Q4_Q1^2 Total_Ct_Chng_Q4_Q1,-0.1761610462919066"
"832,poly__Months_Inactive_12_mon Total_Amt_Chng_Q4_Q1 Total_Relationship_Count Total_Trans_Amt,0.17697705458593216"
"724,poly__Dependent_count Months_Inactive_12_mon Total_Ct_Chng_Q4_Q1 Total_Trans_Ct,0.1773950473848401"
"54,poly__Total_Ct_Chng_Q4_Q1 Total_Trans_Amt,0.1786488458333843"
"80,poly__Avg_Utilization_Ratio Contacts_Count_12_mon Total_Ct_Chng_Q4_Q1,0.1797964383860765"
"523,poly__Contacts_Count_12_mon^2 Months_Inactive_12_mon^2,0.18016234137402168"
"94,poly__Avg_Utilization_Ratio Months_Inactive_12_mon Total_Amt_Chng_Q4_Q1,0.18023002642171615"
"921,poly__Total_Amt_Chng_Q4_Q1 Total_Revolving_Bal^3,0.18030469702868113"
"898,poly__Total_Amt_Chng_Q4_Q1 Total_Ct_Chng_Q4_Q1^2 Total_Revolving_Bal,-0.1805270032194819"
"711,poly__Dependent_count Months_Inactive_12_mon^2 Total_Revolving_Bal,-0.18062426110141255"
"461,poly__Avg_Utilization_Ratio Total_Amt_Chng_Q4_Q1 Total_Relationship_Count^2,-0.1806539602736156"
"791,poly__Months_Inactive_12_mon^4,-0.1807042813372631"
"769,poly__Dependent_count Total_Ct_Chng_Q4_Q1 Total_Trans_Amt Total_Trans_Ct,0.18074201762807657"
"869,poly__Months_Inactive_12_mon Total_Revolving_Bal Total_Trans_Amt Total_Trans_Ct,0.18110756883785034"
"373,poly__Avg_Utilization_Ratio Contacts_Count_12_mon Total_Ct_Chng_Q4_Q1 Total_Revolving_Bal,0.18132106606032125"
"737,poly__Dependent_count Total_Amt_Chng_Q4_Q1^2 Total_Relationship_Count,-0.18136221224150817"
"630,poly__Contacts_Count_12_mon Total_Amt_Chng_Q4_Q1 Total_Revolving_Bal^2,-0.18180901570340266"
"232,poly__Total_Amt_Chng_Q4_Q1^2 Total_Relationship_Count,-0.182266440768667"
"901,poly__Total_Amt_Chng_Q4_Q1 Total_Ct_Chng_Q4_Q1 Total_Relationship_Count^2,0.18242927881113194"
"685,poly__Dependent_count^2 Months_Inactive_12_mon Total_Trans_Ct,-0.18246049612634818"
"525,poly__Contacts_Count_12_mon^2 Months_Inactive_12_mon Total_Ct_Chng_Q4_Q1,-0.18336604759033304"
"384,poly__Avg_Utilization_Ratio Contacts_Count_12_mon Total_Trans_Amt Total_Trans_Ct,-0.1834804340929501"
"331,poly__Avg_Utilization_Ratio^2 Total_Relationship_Count^2,0.18371465324030353"
"179,poly__Dependent_count Months_Inactive_12_mon Total_Trans_Amt,0.18411630657043976"
"434,poly__Avg_Utilization_Ratio Months_Inactive_12_mon Total_Amt_Chng_Q4_Q1 Total_Trans_Ct,-0.18431165784513523"
"302,poly__Avg_Utilization_Ratio^2 Contacts_Count_12_mon Total_Revolving_Bal,-0.18445671400495722"
"491,poly__Avg_Utilization_Ratio Total_Relationship_Count Total_Revolving_Bal Total_Trans_Amt,-0.18532738498820064"
"628,poly__Contacts_Count_12_mon Total_Amt_Chng_Q4_Q1 Total_Relationship_Count Total_Trans_Amt,-0.18556983652307155"
"708,poly__Dependent_count Months_Inactive_12_mon^2 Total_Amt_Chng_Q4_Q1,-0.1860006342788438"
"797,poly__Months_Inactive_12_mon^3 Total_Trans_Ct,0.18643668070845085"
"563,poly__Contacts_Count_12_mon Dependent_count Months_Inactive_12_mon Total_Revolving_Bal,-0.1872723181305771"
"572,poly__Contacts_Count_12_mon Dependent_count Total_Ct_Chng_Q4_Q1^2,0.1882599962753588"
"818,poly__Months_Inactive_12_mon^2 Total_Trans_Ct^2,-0.18950007174140185"
"351,poly__Avg_Utilization_Ratio Contacts_Count_12_mon Dependent_count Months_Inactive_12_mon,0.1905083345744832"
"746,poly__Dependent_count Total_Amt_Chng_Q4_Q1 Total_Relationship_Count^2,0.1906076199821721"
"752,poly__Dependent_count Total_Amt_Chng_Q4_Q1 Total_Revolving_Bal Total_Trans_Ct,0.1907639421347102"
"712,poly__Dependent_count Months_Inactive_12_mon^2 Total_Trans_Amt,0.1913301906721212"
"441,poly__Avg_Utilization_Ratio Months_Inactive_12_mon Total_Relationship_Count Total_Revolving_Bal,-0.19155377251353237"
"884,poly__Total_Amt_Chng_Q4_Q1^2 Total_Ct_Chng_Q4_Q1 Total_Trans_Amt,0.19207526559131563"
"215,poly__Months_Inactive_12_mon Total_Ct_Chng_Q4_Q1^2,-0.19214303832754298"
"318,poly__Avg_Utilization_Ratio^2 Months_Inactive_12_mon Total_Trans_Amt,-0.19238361217198185"
"510,poly__Contacts_Count_12_mon^3 Total_Ct_Chng_Q4_Q1,0.193318380112571"
"314,poly__Avg_Utilization_Ratio^2 Months_Inactive_12_mon Total_Amt_Chng_Q4_Q1,0.19389222515504215"
"375,poly__Avg_Utilization_Ratio Contacts_Count_12_mon Total_Ct_Chng_Q4_Q1 Total_Trans_Ct,-0.19526888328085873"
"446,poly__Avg_Utilization_Ratio Months_Inactive_12_mon Total_Revolving_Bal Total_Trans_Ct,0.19527251159603373"
"526,poly__Contacts_Count_12_mon^2 Months_Inactive_12_mon Total_Relationship_Count,-0.19567173013153155"
"105,poly__Avg_Utilization_Ratio Total_Amt_Chng_Q4_Q1 Total_Trans_Ct,0.19601986231119245"
"186,poly__Dependent_count Total_Amt_Chng_Q4_Q1 Total_Trans_Ct,0.1963846441270104"
"544,poly__Contacts_Count_12_mon^2 Total_Relationship_Count Total_Trans_Ct,0.1971533069041195"
"3,poly__Dependent_count,-0.19721551202403415"
"815,poly__Months_Inactive_12_mon^2 Total_Revolving_Bal Total_Trans_Ct,0.19721731476009105"
"203,poly__Months_Inactive_12_mon^2 Total_Amt_Chng_Q4_Q1,0.19805344275276648"
"979,poly__Total_Relationship_Count Total_Revolving_Bal Total_Trans_Amt^2,0.19845192574177528"
"383,poly__Avg_Utilization_Ratio Contacts_Count_12_mon Total_Trans_Amt^2,0.19873407290978068"
"447,poly__Avg_Utilization_Ratio Months_Inactive_12_mon Total_Trans_Amt^2,-0.2002848310397867"
"363,poly__Avg_Utilization_Ratio Contacts_Count_12_mon Months_Inactive_12_mon Total_Trans_Amt,-0.201124283226017"
"886,poly__Total_Amt_Chng_Q4_Q1^2 Total_Relationship_Count^2,-0.20171704599573284"
"885,poly__Total_Amt_Chng_Q4_Q1^2 Total_Ct_Chng_Q4_Q1 Total_Trans_Ct,0.20208346995087587"
"263,poly__Total_Ct_Chng_Q4_Q1 Total_Trans_Amt^2,0.20229220824569988"
"134,poly__Contacts_Count_12_mon Dependent_count Total_Relationship_Count,-0.20247208661791474"
"634,poly__Contacts_Count_12_mon Total_Amt_Chng_Q4_Q1 Total_Trans_Amt Total_Trans_Ct,0.2027780810400026"
"5,poly__Total_Amt_Chng_Q4_Q1,0.20300373084652928"
"934,poly__Total_Ct_Chng_Q4_Q1^3 Total_Trans_Amt,-0.2038320414275036"
"701,poly__Dependent_count^2 Total_Revolving_Bal^2,0.20389143188504458"
"800,poly__Months_Inactive_12_mon^2 Total_Amt_Chng_Q4_Q1 Total_Relationship_Count,0.20406997154208734"
"261,poly__Total_Ct_Chng_Q4_Q1 Total_Revolving_Bal Total_Trans_Amt,-0.2042912700327461"
"326,poly__Avg_Utilization_Ratio^2 Total_Ct_Chng_Q4_Q1^2,-0.2048251745752308"
"171,poly__Dependent_count^2 Total_Revolving_Bal,0.20494523193366734"
"437,poly__Avg_Utilization_Ratio Months_Inactive_12_mon Total_Ct_Chng_Q4_Q1 Total_Revolving_Bal,0.2052474816707983"
"51,poly__Total_Ct_Chng_Q4_Q1^2,-0.20530602477843427"
"704,poly__Dependent_count^2 Total_Trans_Amt^2,0.20534429748171348"
"728,poly__Dependent_count Months_Inactive_12_mon Total_Relationship_Count Total_Trans_Ct,0.20538760072082102"
"565,poly__Contacts_Count_12_mon Dependent_count Months_Inactive_12_mon Total_Trans_Ct,0.20556999363562284"
"165,poly__Contacts_Count_12_mon Total_Trans_Ct^2,-0.20756734865146056"
"83,poly__Avg_Utilization_Ratio Contacts_Count_12_mon Total_Trans_Amt,-0.20827145318780083"
"182,poly__Dependent_count Total_Amt_Chng_Q4_Q1 Total_Ct_Chng_Q4_Q1,0.20866424793132898"
"266,poly__Total_Relationship_Count^3,0.20866593710106096"
"516,poly__Contacts_Count_12_mon^2 Dependent_count Months_Inactive_12_mon,-0.20945846883270006"
"500,poly__Avg_Utilization_Ratio Total_Revolving_Bal Total_Trans_Amt Total_Trans_Ct,-0.2096503671848044"
"906,poly__Total_Amt_Chng_Q4_Q1 Total_Ct_Chng_Q4_Q1 Total_Revolving_Bal Total_Trans_Amt,0.2099459513068096"
"379,poly__Avg_Utilization_Ratio Contacts_Count_12_mon Total_Relationship_Count Total_Trans_Ct,0.21059173440754062"
"55,poly__Total_Ct_Chng_Q4_Q1 Total_Trans_Ct,0.2122432549392725"
"214,poly__Months_Inactive_12_mon Total_Amt_Chng_Q4_Q1 Total_Trans_Ct,0.21236765063807456"
"618,poly__Contacts_Count_12_mon Total_Amt_Chng_Q4_Q1^2 Total_Revolving_Bal,0.21320969598292636"
"486,poly__Avg_Utilization_Ratio Total_Relationship_Count^3,-0.2134371238992908"
"660,poly__Contacts_Count_12_mon Total_Relationship_Count Total_Trans_Ct^2,-0.21427688747471005"
"292,poly__Avg_Utilization_Ratio^3 Total_Relationship_Count,0.21632751058859415"
"174,poly__Dependent_count Months_Inactive_12_mon^2,0.21738269909217436"
"910,poly__Total_Amt_Chng_Q4_Q1 Total_Ct_Chng_Q4_Q1 Total_Trans_Ct^2,-0.21848201349123675"
"983,poly__Total_Relationship_Count Total_Trans_Amt^2 Total_Trans_Ct,0.21877489210270987"
"892,poly__Total_Amt_Chng_Q4_Q1^2 Total_Revolving_Bal Total_Trans_Ct,0.21890484539552896"
"530,poly__Contacts_Count_12_mon^2 Total_Amt_Chng_Q4_Q1^2,0.21955474111227252"
"154,poly__Contacts_Count_12_mon Total_Ct_Chng_Q4_Q1 Total_Trans_Amt,0.22031274502557152"
"739,poly__Dependent_count Total_Amt_Chng_Q4_Q1^2 Total_Trans_Amt,0.22042326946886837"
"699,poly__Dependent_count^2 Total_Relationship_Count Total_Trans_Amt,0.22070525217196663"
"204,poly__Months_Inactive_12_mon^2 Total_Ct_Chng_Q4_Q1,-0.2210193297856796"
"867,poly__Months_Inactive_12_mon Total_Revolving_Bal^2 Total_Trans_Ct,-0.22148078177861852"
"183,poly__Dependent_count Total_Amt_Chng_Q4_Q1 Total_Relationship_Count,0.22447389612520724"
"272,poly__Total_Relationship_Count Total_Revolving_Bal Total_Trans_Ct,0.22529156486018492"
"41,poly__Months_Inactive_12_mon Total_Relationship_Count,-0.22536129542141203"
"627,poly__Contacts_Count_12_mon Total_Amt_Chng_Q4_Q1 Total_Relationship_Count Total_Revolving_Bal,-0.2254223678898026"
"586,poly__Contacts_Count_12_mon Dependent_count Total_Trans_Ct^2,-0.22555104491064837"
"661,poly__Contacts_Count_12_mon Total_Revolving_Bal^3,-0.22569727135405548"
"861,poly__Months_Inactive_12_mon Total_Relationship_Count Total_Revolving_Bal Total_Trans_Ct,-0.22608007945554848"
"305,poly__Avg_Utilization_Ratio^2 Dependent_count^2,-0.22723997003323188"
"679,poly__Dependent_count^2 Months_Inactive_12_mon^2,-0.22802703459481857"
"390,poly__Avg_Utilization_Ratio Dependent_count^2 Total_Relationship_Count,-0.22821229008675767"
"518,poly__Contacts_Count_12_mon^2 Dependent_count Total_Ct_Chng_Q4_Q1,-0.2282357729117829"
"145,poly__Contacts_Count_12_mon Total_Amt_Chng_Q4_Q1^2,0.22852340896476026"
"693,poly__Dependent_count^2 Total_Ct_Chng_Q4_Q1 Total_Relationship_Count,-0.22897498054837953"
"333,poly__Avg_Utilization_Ratio^2 Total_Relationship_Count Total_Trans_Amt,-0.2289787648189396"
"488,poly__Avg_Utilization_Ratio Total_Relationship_Count^2 Total_Trans_Amt,-0.22900025143934935"
"631,poly__Contacts_Count_12_mon Total_Amt_Chng_Q4_Q1 Total_Revolving_Bal Total_Trans_Amt,0.23027600241018814"
"372,poly__Avg_Utilization_Ratio Contacts_Count_12_mon Total_Ct_Chng_Q4_Q1 Total_Relationship_Count,0.23031964275766018"
"120,poly__Avg_Utilization_Ratio Total_Trans_Ct^2,-0.23187125978274783"
"511,poly__Contacts_Count_12_mon^3 Total_Relationship_Count,-0.2335020508924879"
"170,poly__Dependent_count^2 Total_Relationship_Count,-0.2338248956224476"
"188,poly__Dependent_count Total_Ct_Chng_Q4_Q1 Total_Relationship_Count,-0.23419653525347675"
"167,poly__Dependent_count^2 Months_Inactive_12_mon,0.23559308663693107"
"813,poly__Months_Inactive_12_mon^2 Total_Revolving_Bal^2,-0.2365264816511546"
"463,poly__Avg_Utilization_Ratio Total_Amt_Chng_Q4_Q1 Total_Relationship_Count Total_Trans_Amt,0.23682347122809672"
"612,poly__Contacts_Count_12_mon Months_Inactive_12_mon Total_Trans_Amt^2,0.23699945239230324"
"993,poly__Total_Revolving_Bal Total_Trans_Amt^2 Total_Trans_Ct,0.2370019854619616"
"512,poly__Contacts_Count_12_mon^3 Total_Revolving_Bal,-0.2371851247824448"
"427,poly__Avg_Utilization_Ratio Months_Inactive_12_mon^2 Total_Trans_Amt,-0.23900529438161575"
"741,poly__Dependent_count Total_Amt_Chng_Q4_Q1 Total_Ct_Chng_Q4_Q1^2,-0.2394003773092524"
"220,poly__Months_Inactive_12_mon Total_Relationship_Count^2,0.23982362643153565"
"816,poly__Months_Inactive_12_mon^2 Total_Trans_Amt^2,0.24233132071599078"
"537,poly__Contacts_Count_12_mon^2 Total_Ct_Chng_Q4_Q1 Total_Relationship_Count,-0.24400019394177097"
"209,poly__Months_Inactive_12_mon Total_Amt_Chng_Q4_Q1^2,0.24402146983418532"
"882,poly__Total_Amt_Chng_Q4_Q1^2 Total_Ct_Chng_Q4_Q1 Total_Relationship_Count,-0.24477850118879185"
"283,poly__Total_Trans_Amt^2 Total_Trans_Ct,-0.2456567610697767"
"471,poly__Avg_Utilization_Ratio Total_Ct_Chng_Q4_Q1^3,-0.24625046975769793"
"59,poly__Total_Relationship_Count Total_Trans_Ct,-0.24642387721453302"
"596,poly__Contacts_Count_12_mon Months_Inactive_12_mon Total_Amt_Chng_Q4_Q1 Total_Relationship_Count,-0.24670439153374535"
"435,poly__Avg_Utilization_Ratio Months_Inactive_12_mon Total_Ct_Chng_Q4_Q1^2,0.24725384991558072"
"951,poly__Total_Ct_Chng_Q4_Q1 Total_Relationship_Count Total_Revolving_Bal Total_Trans_Amt,0.24778940009106232"
"765,poly__Dependent_count Total_Ct_Chng_Q4_Q1 Total_Revolving_Bal^2,-0.24849186392322042"
"320,poly__Avg_Utilization_Ratio^2 Total_Amt_Chng_Q4_Q1^2,0.24912187739227815"
"501,poly__Avg_Utilization_Ratio Total_Revolving_Bal Total_Trans_Ct^2,0.24964680603843326"
"559,poly__Contacts_Count_12_mon Dependent_count Months_Inactive_12_mon^2,-0.2512934689236613"
"240,poly__Total_Amt_Chng_Q4_Q1 Total_Ct_Chng_Q4_Q1 Total_Trans_Ct,-0.2516669813531813"
"568,poly__Contacts_Count_12_mon Dependent_count Total_Amt_Chng_Q4_Q1 Total_Relationship_Count,-0.2529271221011403"
"944,poly__Total_Ct_Chng_Q4_Q1^2 Total_Trans_Amt Total_Trans_Ct,0.2547967716611983"
"916,poly__Total_Amt_Chng_Q4_Q1 Total_Relationship_Count Total_Revolving_Bal Total_Trans_Amt,0.2549251056852158"
"271,poly__Total_Relationship_Count Total_Revolving_Bal Total_Trans_Amt,0.2553999282144351"
"740,poly__Dependent_count Total_Amt_Chng_Q4_Q1^2 Total_Trans_Ct,-0.2560014815916788"
"127,poly__Contacts_Count_12_mon^2 Total_Revolving_Bal,-0.2580928658133873"
"310,poly__Avg_Utilization_Ratio^2 Dependent_count Total_Revolving_Bal,-0.2581943550680376"
"904,poly__Total_Amt_Chng_Q4_Q1 Total_Ct_Chng_Q4_Q1 Total_Relationship_Count Total_Trans_Ct,-0.25876979421725804"
"285,poly__Total_Trans_Ct^3,0.25939886201414286"
"903,poly__Total_Amt_Chng_Q4_Q1 Total_Ct_Chng_Q4_Q1 Total_Relationship_Count Total_Trans_Amt,-0.2594353116485674"
"821,poly__Months_Inactive_12_mon Total_Amt_Chng_Q4_Q1^2 Total_Relationship_Count,-0.2601291809062165"
"26,poly__Contacts_Count_12_mon Total_Relationship_Count,-0.2602894239487154"
"381,poly__Avg_Utilization_Ratio Contacts_Count_12_mon Total_Revolving_Bal Total_Trans_Amt,0.2606266442734991"
"156,poly__Contacts_Count_12_mon Total_Relationship_Count^2,0.2608300848482906"
"392,poly__Avg_Utilization_Ratio Dependent_count^2 Total_Trans_Amt,0.26140375787966197"
"327,poly__Avg_Utilization_Ratio^2 Total_Ct_Chng_Q4_Q1 Total_Relationship_Count,0.2614271624775825"
"862,poly__Months_Inactive_12_mon Total_Relationship_Count Total_Trans_Amt^2,0.26166722217634086"
"851,poly__Months_Inactive_12_mon Total_Ct_Chng_Q4_Q1 Total_Revolving_Bal Total_Trans_Ct,0.26190099643587766"
"247,poly__Total_Amt_Chng_Q4_Q1 Total_Revolving_Bal Total_Trans_Ct,0.26304730240882057"
"779,poly__Dependent_count Total_Relationship_Count Total_Trans_Amt Total_Trans_Ct,0.2635117929083338"
"764,poly__Dependent_count Total_Ct_Chng_Q4_Q1 Total_Relationship_Count Total_Trans_Ct,-0.26373754642066377"
"733,poly__Dependent_count Months_Inactive_12_mon Total_Trans_Amt Total_Trans_Ct,-0.2638596952790049"
"388,poly__Avg_Utilization_Ratio Dependent_count^2 Total_Amt_Chng_Q4_Q1,0.2639650718890914"
"99,poly__Avg_Utilization_Ratio Months_Inactive_12_mon Total_Trans_Ct,-0.2639665261664808"
"382,poly__Avg_Utilization_Ratio Contacts_Count_12_mon Total_Revolving_Bal Total_Trans_Ct,0.2639853160338027"
"682,poly__Dependent_count^2 Months_Inactive_12_mon Total_Relationship_Count,0.2641782787460878"
"13,poly__Avg_Utilization_Ratio Dependent_count,0.2642989635623643"
"600,poly__Contacts_Count_12_mon Months_Inactive_12_mon Total_Ct_Chng_Q4_Q1^2,-0.26480131891138065"
"141,poly__Contacts_Count_12_mon Months_Inactive_12_mon Total_Relationship_Count,-0.2650760573403056"
"364,poly__Avg_Utilization_Ratio Contacts_Count_12_mon Months_Inactive_12_mon Total_Trans_Ct,-0.2652135305589312"
"757,poly__Dependent_count Total_Ct_Chng_Q4_Q1^2 Total_Relationship_Count,-0.2652938681849954"
"143,poly__Contacts_Count_12_mon Months_Inactive_12_mon Total_Trans_Amt,0.2655234043462192"
"920,poly__Total_Amt_Chng_Q4_Q1 Total_Relationship_Count Total_Trans_Ct^2,0.26583355651225193"
"195,poly__Dependent_count Total_Relationship_Count Total_Trans_Ct,0.26588844659088956"
"859,poly__Months_Inactive_12_mon Total_Relationship_Count Total_Revolving_Bal^2,-0.26635202336364666"
"360,poly__Avg_Utilization_Ratio Contacts_Count_12_mon Months_Inactive_12_mon Total_Ct_Chng_Q4_Q1,0.26746477485565057"
"12,poly__Avg_Utilization_Ratio Contacts_Count_12_mon,0.26760473777523747"
"807,poly__Months_Inactive_12_mon^2 Total_Ct_Chng_Q4_Q1 Total_Trans_Amt,-0.26763845955226767"
"45,poly__Total_Amt_Chng_Q4_Q1^2,0.2703897355420262"
"575,poly__Contacts_Count_12_mon Dependent_count Total_Ct_Chng_Q4_Q1 Total_Trans_Amt,0.2705053586131226"
"196,poly__Dependent_count Total_Revolving_Bal^2,-0.2705557301404449"
"958,poly__Total_Ct_Chng_Q4_Q1 Total_Revolving_Bal^2 Total_Trans_Ct,0.2707218788644702"
"371,poly__Avg_Utilization_Ratio Contacts_Count_12_mon Total_Ct_Chng_Q4_Q1^2,-0.27203681984038475"
"210,poly__Months_Inactive_12_mon Total_Amt_Chng_Q4_Q1 Total_Ct_Chng_Q4_Q1,-0.2731429604151456"
"860,poly__Months_Inactive_12_mon Total_Relationship_Count Total_Revolving_Bal Total_Trans_Amt,0.27341626848006456"
"795,poly__Months_Inactive_12_mon^3 Total_Revolving_Bal,0.2734590746047293"
"520,poly__Contacts_Count_12_mon^2 Dependent_count Total_Revolving_Bal,0.273560076249131"
"243,poly__Total_Amt_Chng_Q4_Q1 Total_Relationship_Count Total_Trans_Amt,0.27420432726903493"
"153,poly__Contacts_Count_12_mon Total_Ct_Chng_Q4_Q1 Total_Revolving_Bal,0.2746786469003774"
"159,poly__Contacts_Count_12_mon Total_Relationship_Count Total_Trans_Ct,0.2749571829247812"
"774,poly__Dependent_count Total_Relationship_Count^2 Total_Trans_Ct,-0.2754153340861319"
"538,poly__Contacts_Count_12_mon^2 Total_Ct_Chng_Q4_Q1 Total_Revolving_Bal,-0.2758087404054562"
"284,poly__Total_Trans_Amt Total_Trans_Ct^2,0.2765746815428754"
"191,poly__Dependent_count Total_Ct_Chng_Q4_Q1 Total_Trans_Ct,0.2769486095523496"
"975,poly__Total_Relationship_Count^2 Total_Trans_Ct^2,0.27785535565893504"
"258,poly__Total_Ct_Chng_Q4_Q1 Total_Relationship_Count Total_Trans_Amt,0.2798454500901252"
"346,poly__Avg_Utilization_Ratio Contacts_Count_12_mon^2 Total_Relationship_Count,-0.2823359927422625"
"244,poly__Total_Amt_Chng_Q4_Q1 Total_Relationship_Count Total_Trans_Ct,-0.2824730243982697"
"987,poly__Total_Revolving_Bal^3 Total_Trans_Amt,-0.28275973779734165"
"853,poly__Months_Inactive_12_mon Total_Ct_Chng_Q4_Q1 Total_Trans_Amt Total_Trans_Ct,0.2850324684458688"
"252,poly__Total_Ct_Chng_Q4_Q1^2 Total_Relationship_Count,-0.28591228569177574"
"696,poly__Dependent_count^2 Total_Ct_Chng_Q4_Q1 Total_Trans_Ct,-0.28596295550767165"
"945,poly__Total_Ct_Chng_Q4_Q1^2 Total_Trans_Ct^2,0.28752943795526975"
"720,poly__Dependent_count Months_Inactive_12_mon Total_Ct_Chng_Q4_Q1^2,0.2877372552375293"
"803,poly__Months_Inactive_12_mon^2 Total_Amt_Chng_Q4_Q1 Total_Trans_Ct,0.2878017252126668"
"22,poly__Contacts_Count_12_mon Dependent_count,0.289092583968815"
"67,poly__Avg_Utilization_Ratio^2 Contacts_Count_12_mon,-0.2926725118963987"
"347,poly__Avg_Utilization_Ratio Contacts_Count_12_mon^2 Total_Revolving_Bal,0.29313674735348744"
"129,poly__Contacts_Count_12_mon^2 Total_Trans_Ct,-0.29314028614764276"
"359,poly__Avg_Utilization_Ratio Contacts_Count_12_mon Months_Inactive_12_mon Total_Amt_Chng_Q4_Q1,0.29315957345741767"
"177,poly__Dependent_count Months_Inactive_12_mon Total_Relationship_Count,0.29339795363073545"
"999,poly__Total_Trans_Amt Total_Trans_Ct^3,0.29502280720760604"
"369,poly__Avg_Utilization_Ratio Contacts_Count_12_mon Total_Amt_Chng_Q4_Q1 Total_Trans_Amt,-0.29535878658396875"
"814,poly__Months_Inactive_12_mon^2 Total_Revolving_Bal Total_Trans_Amt,-0.2961191083849209"
"621,poly__Contacts_Count_12_mon Total_Amt_Chng_Q4_Q1 Total_Ct_Chng_Q4_Q1^2,-0.29642381361485903"
"782,poly__Dependent_count Total_Revolving_Bal^2 Total_Trans_Amt,0.2968578076896316"
"376,poly__Avg_Utilization_Ratio Contacts_Count_12_mon Total_Relationship_Count^2,0.2973482241841385"
"638,poly__Contacts_Count_12_mon Total_Ct_Chng_Q4_Q1^2 Total_Revolving_Bal,-0.2974694732686085"
"558,poly__Contacts_Count_12_mon Dependent_count^2 Total_Trans_Ct,-0.2976711820552871"
"994,poly__Total_Revolving_Bal Total_Trans_Amt Total_Trans_Ct^2,-0.2979138490349083"
"201,poly__Dependent_count Total_Trans_Ct^2,-0.29793454837875455"
"889,poly__Total_Amt_Chng_Q4_Q1^2 Total_Relationship_Count Total_Trans_Ct,0.2984510147914367"
"507,poly__Contacts_Count_12_mon^3 Dependent_count,0.29954629740604116"
"406,poly__Avg_Utilization_Ratio Dependent_count Total_Amt_Chng_Q4_Q1 Total_Trans_Ct,-0.30167246631148065"
"714,poly__Dependent_count Months_Inactive_12_mon Total_Amt_Chng_Q4_Q1^2,0.30178663507871967"
"374,poly__Avg_Utilization_Ratio Contacts_Count_12_mon Total_Ct_Chng_Q4_Q1 Total_Trans_Amt,-0.3032349679035894"
"972,poly__Total_Relationship_Count^2 Total_Revolving_Bal Total_Trans_Ct,-0.30361943714372824"
"87,poly__Avg_Utilization_Ratio Dependent_count Total_Amt_Chng_Q4_Q1,0.30409022832901333"
"454,poly__Avg_Utilization_Ratio Total_Amt_Chng_Q4_Q1^2 Total_Trans_Amt,-0.30449232723820946"
"323,poly__Avg_Utilization_Ratio^2 Total_Amt_Chng_Q4_Q1 Total_Revolving_Bal,0.30496333393842096"
"662,poly__Contacts_Count_12_mon Total_Revolving_Bal^2 Total_Trans_Amt,-0.30496381333606454"
"574,poly__Contacts_Count_12_mon Dependent_count Total_Ct_Chng_Q4_Q1 Total_Revolving_Bal,-0.30524973784881704"
"118,poly__Avg_Utilization_Ratio Total_Trans_Amt^2,0.30585408070082265"
"674,poly__Dependent_count^3 Total_Ct_Chng_Q4_Q1,-0.3060043331091426"
"34,poly__Dependent_count Total_Relationship_Count,-0.306467126810631"
"398,poly__Avg_Utilization_Ratio Dependent_count Months_Inactive_12_mon Total_Revolving_Bal,0.30733555397500534"
"349,poly__Avg_Utilization_Ratio Contacts_Count_12_mon^2 Total_Trans_Ct,0.30757334933702485"
"277,poly__Total_Revolving_Bal^2 Total_Trans_Amt,-0.3097523109106676"
"267,poly__Total_Relationship_Count^2 Total_Revolving_Bal,-0.31023524884400944"
"144,poly__Contacts_Count_12_mon Months_Inactive_12_mon Total_Trans_Ct,-0.310693348119159"
"417,poly__Avg_Utilization_Ratio Dependent_count Total_Revolving_Bal Total_Trans_Amt,0.31160028411678137"
"72,poly__Avg_Utilization_Ratio^2 Total_Relationship_Count,-0.3135535217827149"
"56,poly__Total_Relationship_Count^2,0.3139795183053177"
"68,poly__Avg_Utilization_Ratio^2 Dependent_count,-0.31496334771008516"
"100,poly__Avg_Utilization_Ratio Total_Amt_Chng_Q4_Q1^2,-0.31546503004217963"
"212,poly__Months_Inactive_12_mon Total_Amt_Chng_Q4_Q1 Total_Revolving_Bal,-0.31566588694411307"
"592,poly__Contacts_Count_12_mon Months_Inactive_12_mon^2 Total_Trans_Amt,-0.3181307507720839"
"826,poly__Months_Inactive_12_mon Total_Amt_Chng_Q4_Q1 Total_Ct_Chng_Q4_Q1 Total_Relationship_Count,0.31866372783784963"
"345,poly__Avg_Utilization_Ratio Contacts_Count_12_mon^2 Total_Ct_Chng_Q4_Q1,-0.3186895524965719"
"444,poly__Avg_Utilization_Ratio Months_Inactive_12_mon Total_Revolving_Bal^2,0.3193747056550026"
"597,poly__Contacts_Count_12_mon Months_Inactive_12_mon Total_Amt_Chng_Q4_Q1 Total_Revolving_Bal,0.3196036222819673"
"391,poly__Avg_Utilization_Ratio Dependent_count^2 Total_Revolving_Bal,0.31961388101309446"
"319,poly__Avg_Utilization_Ratio^2 Months_Inactive_12_mon Total_Trans_Ct,-0.3207188406271489"
"226,poly__Months_Inactive_12_mon Total_Revolving_Bal Total_Trans_Ct,0.32186546299143265"
"745,poly__Dependent_count Total_Amt_Chng_Q4_Q1 Total_Ct_Chng_Q4_Q1 Total_Trans_Ct,0.3219832436193981"
"654,poly__Contacts_Count_12_mon Total_Relationship_Count^2 Total_Trans_Ct,-0.322032599697661"
"70,poly__Avg_Utilization_Ratio^2 Total_Amt_Chng_Q4_Q1,-0.32233264828822167"
"651,poly__Contacts_Count_12_mon Total_Relationship_Count^3,0.32274417933694544"
"924,poly__Total_Amt_Chng_Q4_Q1 Total_Revolving_Bal Total_Trans_Amt^2,-0.3246517090070041"
"107,poly__Avg_Utilization_Ratio Total_Ct_Chng_Q4_Q1 Total_Relationship_Count,0.32486128657839186"
"872,poly__Months_Inactive_12_mon Total_Trans_Amt^2 Total_Trans_Ct,0.3263071976993286"
"311,poly__Avg_Utilization_Ratio^2 Dependent_count Total_Trans_Amt,0.3294901492868986"
"19,poly__Avg_Utilization_Ratio Total_Trans_Amt,-0.33004582115364606"
"455,poly__Avg_Utilization_Ratio Total_Amt_Chng_Q4_Q1^2 Total_Trans_Ct,0.33013052649127245"
"409,poly__Avg_Utilization_Ratio Dependent_count Total_Ct_Chng_Q4_Q1 Total_Revolving_Bal,-0.3310824785662989"
"676,poly__Dependent_count^3 Total_Revolving_Bal,-0.331559425646165"
"590,poly__Contacts_Count_12_mon Months_Inactive_12_mon^2 Total_Relationship_Count,0.33225750829582335"
"225,poly__Months_Inactive_12_mon Total_Revolving_Bal Total_Trans_Amt,0.33243048734105357"
"991,poly__Total_Revolving_Bal^2 Total_Trans_Ct^2,-0.33329773895617554"
"64,poly__Total_Trans_Amt Total_Trans_Ct,0.3336089759211465"
"584,poly__Contacts_Count_12_mon Dependent_count Total_Trans_Amt^2,0.3338131041150028"
"937,poly__Total_Ct_Chng_Q4_Q1^2 Total_Relationship_Count Total_Revolving_Bal,0.3348110693726694"
"338,poly__Avg_Utilization_Ratio^2 Total_Trans_Amt^2,-0.33493552567857565"
"657,poly__Contacts_Count_12_mon Total_Relationship_Count Total_Revolving_Bal Total_Trans_Ct,-0.3355955211175286"
"978,poly__Total_Relationship_Count Total_Revolving_Bal^2 Total_Trans_Ct,0.3359000134830474"
"341,poly__Avg_Utilization_Ratio Contacts_Count_12_mon^3,0.3361142886067775"
"248,poly__Total_Amt_Chng_Q4_Q1 Total_Trans_Amt^2,-0.33670245814385114"
"652,poly__Contacts_Count_12_mon Total_Relationship_Count^2 Total_Revolving_Bal,0.33747896114030357"
"260,poly__Total_Ct_Chng_Q4_Q1 Total_Revolving_Bal^2,0.3390932870126481"
"109,poly__Avg_Utilization_Ratio Total_Ct_Chng_Q4_Q1 Total_Trans_Amt,-0.33930722859747103"
"348,poly__Avg_Utilization_Ratio Contacts_Count_12_mon^2 Total_Trans_Amt,0.34220005917754953"
"350,poly__Avg_Utilization_Ratio Contacts_Count_12_mon Dependent_count^2,0.3427151323911487"
"422,poly__Avg_Utilization_Ratio Months_Inactive_12_mon^3,0.34482510947337597"
"909,poly__Total_Amt_Chng_Q4_Q1 Total_Ct_Chng_Q4_Q1 Total_Trans_Amt Total_Trans_Ct,-0.3454282399447433"
"930,poly__Total_Amt_Chng_Q4_Q1 Total_Trans_Ct^3,0.34613678058448777"
"569,poly__Contacts_Count_12_mon Dependent_count Total_Amt_Chng_Q4_Q1 Total_Revolving_Bal,-0.3470329656749305"
"619,poly__Contacts_Count_12_mon Total_Amt_Chng_Q4_Q1^2 Total_Trans_Amt,0.3479682806349336"
"357,poly__Avg_Utilization_Ratio Contacts_Count_12_mon Dependent_count Total_Trans_Ct,0.34827964753577945"
"939,poly__Total_Ct_Chng_Q4_Q1^2 Total_Relationship_Count Total_Trans_Ct,-0.3487891266989338"
"86,poly__Avg_Utilization_Ratio Dependent_count Months_Inactive_12_mon,0.34938074759747745"
"227,poly__Months_Inactive_12_mon Total_Trans_Amt^2,0.35028641081906187"
"957,poly__Total_Ct_Chng_Q4_Q1 Total_Revolving_Bal^2 Total_Trans_Amt,-0.3502893594230144"
"905,poly__Total_Amt_Chng_Q4_Q1 Total_Ct_Chng_Q4_Q1 Total_Revolving_Bal^2,0.3504754125531135"
"772,poly__Dependent_count Total_Relationship_Count^2 Total_Revolving_Bal,-0.35099914194605264"
"578,poly__Contacts_Count_12_mon Dependent_count Total_Relationship_Count Total_Revolving_Bal,-0.35127066991088324"
"635,poly__Contacts_Count_12_mon Total_Amt_Chng_Q4_Q1 Total_Trans_Ct^2,-0.35139663966821033"
"976,poly__Total_Relationship_Count Total_Revolving_Bal^3,0.35202834396711485"
"329,poly__Avg_Utilization_Ratio^2 Total_Ct_Chng_Q4_Q1 Total_Trans_Amt,0.352732154430087"
"839,poly__Months_Inactive_12_mon Total_Amt_Chng_Q4_Q1 Total_Trans_Ct^2,0.35318330726078506"
"273,poly__Total_Relationship_Count Total_Trans_Amt^2,0.354128823588593"
"949,poly__Total_Ct_Chng_Q4_Q1 Total_Relationship_Count^2 Total_Trans_Ct,0.35450959772119683"
"297,poly__Avg_Utilization_Ratio^2 Contacts_Count_12_mon Dependent_count,-0.35523869680045633"
"253,poly__Total_Ct_Chng_Q4_Q1^2 Total_Revolving_Bal,-0.35540288167351963"
"836,poly__Months_Inactive_12_mon Total_Amt_Chng_Q4_Q1 Total_Revolving_Bal Total_Trans_Ct,-0.3563263327013611"
"609,poly__Contacts_Count_12_mon Months_Inactive_12_mon Total_Revolving_Bal^2,-0.3571344757216572"
"39,poly__Months_Inactive_12_mon Total_Amt_Chng_Q4_Q1,0.3584883129585254"
"300,poly__Avg_Utilization_Ratio^2 Contacts_Count_12_mon Total_Ct_Chng_Q4_Q1,-0.3584904236679391"
"265,poly__Total_Ct_Chng_Q4_Q1 Total_Trans_Ct^2,0.3593153292217816"
"593,poly__Contacts_Count_12_mon Months_Inactive_12_mon^2 Total_Trans_Ct,-0.3600673300578904"
"477,poly__Avg_Utilization_Ratio Total_Ct_Chng_Q4_Q1 Total_Relationship_Count Total_Revolving_Bal,-0.3601627883418069"
"845,poly__Months_Inactive_12_mon Total_Ct_Chng_Q4_Q1 Total_Relationship_Count^2,0.36057569555866387"
"365,poly__Avg_Utilization_Ratio Contacts_Count_12_mon Total_Amt_Chng_Q4_Q1^2,0.36117689011110415"
"608,poly__Contacts_Count_12_mon Months_Inactive_12_mon Total_Relationship_Count Total_Trans_Ct,0.3618530526357032"
"162,poly__Contacts_Count_12_mon Total_Revolving_Bal Total_Trans_Ct,-0.36570736930535036"
"789,poly__Dependent_count Total_Trans_Amt Total_Trans_Ct^2,0.36824166486891896"
"389,poly__Avg_Utilization_Ratio Dependent_count^2 Total_Ct_Chng_Q4_Q1,0.36893753554331676"
"313,poly__Avg_Utilization_Ratio^2 Months_Inactive_12_mon^2,-0.3692337818952894"
"287,poly__Avg_Utilization_Ratio^3 Contacts_Count_12_mon,0.37160408496819314"
"581,poly__Contacts_Count_12_mon Dependent_count Total_Revolving_Bal^2,-0.3720296700946731"
"131,poly__Contacts_Count_12_mon Dependent_count Months_Inactive_12_mon,0.372172572631148"
"669,poly__Contacts_Count_12_mon Total_Trans_Amt Total_Trans_Ct^2,-0.3737886422136287"
"912,poly__Total_Amt_Chng_Q4_Q1 Total_Relationship_Count^2 Total_Revolving_Bal,-0.37401886816729524"
"66,poly__Avg_Utilization_Ratio^3,-0.3754304162713657"
"878,poly__Total_Amt_Chng_Q4_Q1^3 Total_Revolving_Bal,0.37583537145219914"
"6,poly__Total_Ct_Chng_Q4_Q1,-0.3758372271898578"
"658,poly__Contacts_Count_12_mon Total_Relationship_Count Total_Trans_Amt^2,0.376826113664237"
"28,poly__Contacts_Count_12_mon Total_Trans_Amt,0.37703651717478853"
"452,poly__Avg_Utilization_Ratio Total_Amt_Chng_Q4_Q1^2 Total_Relationship_Count,-0.3796543566939688"
"842,poly__Months_Inactive_12_mon Total_Ct_Chng_Q4_Q1^2 Total_Revolving_Bal,0.38039208246211015"
"514,poly__Contacts_Count_12_mon^3 Total_Trans_Ct,-0.3814503753911837"
"686,poly__Dependent_count^2 Total_Amt_Chng_Q4_Q1^2,-0.3829207823997643"
"954,poly__Total_Ct_Chng_Q4_Q1 Total_Relationship_Count Total_Trans_Amt Total_Trans_Ct,0.3830637270597484"
"77,poly__Avg_Utilization_Ratio Contacts_Count_12_mon Dependent_count,0.3840697049614206"
"806,poly__Months_Inactive_12_mon^2 Total_Ct_Chng_Q4_Q1 Total_Revolving_Bal,0.384389343519925"
"706,poly__Dependent_count^2 Total_Trans_Ct^2,-0.38456939152692976"
"989,poly__Total_Revolving_Bal^2 Total_Trans_Amt^2,0.38511163681803695"
"923,poly__Total_Amt_Chng_Q4_Q1 Total_Revolving_Bal^2 Total_Trans_Ct,-0.3856463957846117"
"199,poly__Dependent_count Total_Trans_Amt^2,0.386246103111241"
"532,poly__Contacts_Count_12_mon^2 Total_Amt_Chng_Q4_Q1 Total_Relationship_Count,-0.3867107272863067"
"808,poly__Months_Inactive_12_mon^2 Total_Ct_Chng_Q4_Q1 Total_Trans_Ct,0.3883242904193199"
"308,poly__Avg_Utilization_Ratio^2 Dependent_count Total_Ct_Chng_Q4_Q1,0.38864461610066786"
"603,poly__Contacts_Count_12_mon Months_Inactive_12_mon Total_Ct_Chng_Q4_Q1 Total_Trans_Amt,0.3889007418141576"
"370,poly__Avg_Utilization_Ratio Contacts_Count_12_mon Total_Amt_Chng_Q4_Q1 Total_Trans_Ct,0.38926425847403795"
"504,poly__Avg_Utilization_Ratio Total_Trans_Amt Total_Trans_Ct^2,0.38963357810734633"
"742,poly__Dependent_count Total_Amt_Chng_Q4_Q1 Total_Ct_Chng_Q4_Q1 Total_Relationship_Count,0.38967597618540334"
"498,poly__Avg_Utilization_Ratio Total_Revolving_Bal^2 Total_Trans_Ct,-0.3909471257241214"
"922,poly__Total_Amt_Chng_Q4_Q1 Total_Revolving_Bal^2 Total_Trans_Amt,0.3932160003416773"
"250,poly__Total_Amt_Chng_Q4_Q1 Total_Trans_Ct^2,0.39537490657036406"
"249,poly__Total_Amt_Chng_Q4_Q1 Total_Trans_Amt Total_Trans_Ct,0.39730238957974195"
"219,poly__Months_Inactive_12_mon Total_Ct_Chng_Q4_Q1 Total_Trans_Ct,0.3978261390594174"
"424,poly__Avg_Utilization_Ratio Months_Inactive_12_mon^2 Total_Ct_Chng_Q4_Q1,-0.3996455758767506"
"197,poly__Dependent_count Total_Revolving_Bal Total_Trans_Amt,-0.39973846311899514"
"259,poly__Total_Ct_Chng_Q4_Q1 Total_Relationship_Count Total_Trans_Ct,0.4003224385372573"
"286,poly__Avg_Utilization_Ratio^4,0.40232144103241374"
"62,poly__Total_Revolving_Bal Total_Trans_Ct,0.4028504832153766"
"647,poly__Contacts_Count_12_mon Total_Ct_Chng_Q4_Q1 Total_Revolving_Bal Total_Trans_Ct,-0.40374777611731794"
"541,poly__Contacts_Count_12_mon^2 Total_Relationship_Count^2,0.40442044754133355"
"653,poly__Contacts_Count_12_mon Total_Relationship_Count^2 Total_Trans_Amt,-0.4045055638186631"
"926,poly__Total_Amt_Chng_Q4_Q1 Total_Revolving_Bal Total_Trans_Ct^2,-0.4053752989620461"
"943,poly__Total_Ct_Chng_Q4_Q1^2 Total_Trans_Amt^2,-0.40588792457807615"
"1005,remainder__Gender,-0.4071773649285104"
"509,poly__Contacts_Count_12_mon^3 Total_Amt_Chng_Q4_Q1,0.407215041621572"
"312,poly__Avg_Utilization_Ratio^2 Dependent_count Total_Trans_Ct,0.4073934972353782"
"180,poly__Dependent_count Months_Inactive_12_mon Total_Trans_Ct,-0.4085210488369053"
"264,poly__Total_Ct_Chng_Q4_Q1 Total_Trans_Amt Total_Trans_Ct,0.4100795018879287"
"97,poly__Avg_Utilization_Ratio Months_Inactive_12_mon Total_Revolving_Bal,0.41174532018215637"
"233,poly__Total_Amt_Chng_Q4_Q1^2 Total_Revolving_Bal,-0.41258172688313294"
"729,poly__Dependent_count Months_Inactive_12_mon Total_Revolving_Bal^2,0.4140460743401525"
"766,poly__Dependent_count Total_Ct_Chng_Q4_Q1 Total_Revolving_Bal Total_Trans_Amt,0.41416392369505234"
"557,poly__Contacts_Count_12_mon Dependent_count^2 Total_Trans_Amt,-0.4151950155603628"
"726,poly__Dependent_count Months_Inactive_12_mon Total_Relationship_Count Total_Revolving_Bal,0.4154730495711459"
"819,poly__Months_Inactive_12_mon Total_Amt_Chng_Q4_Q1^3,-0.41618448111690987"
"950,poly__Total_Ct_Chng_Q4_Q1 Total_Relationship_Count Total_Revolving_Bal^2,0.4166717422349638"
"755,poly__Dependent_count Total_Amt_Chng_Q4_Q1 Total_Trans_Ct^2,-0.4178912507440274"
"239,poly__Total_Amt_Chng_Q4_Q1 Total_Ct_Chng_Q4_Q1 Total_Trans_Amt,-0.41843368355370886"
"843,poly__Months_Inactive_12_mon Total_Ct_Chng_Q4_Q1^2 Total_Trans_Amt,0.42012123059670564"
"801,poly__Months_Inactive_12_mon^2 Total_Amt_Chng_Q4_Q1 Total_Revolving_Bal,-0.42043195928932314"
"472,poly__Avg_Utilization_Ratio Total_Ct_Chng_Q4_Q1^2 Total_Relationship_Count,-0.4205416714335505"
"57,poly__Total_Relationship_Count Total_Revolving_Bal,-0.4235423256948683"
"535,poly__Contacts_Count_12_mon^2 Total_Amt_Chng_Q4_Q1 Total_Trans_Ct,0.42502244414082635"
"279,poly__Total_Revolving_Bal Total_Trans_Amt^2,-0.42516932201411384"
"611,poly__Contacts_Count_12_mon Months_Inactive_12_mon Total_Revolving_Bal Total_Trans_Ct,-0.42525602088921755"
"52,poly__Total_Ct_Chng_Q4_Q1 Total_Relationship_Count,-0.42633129923456803"
"947,poly__Total_Ct_Chng_Q4_Q1 Total_Relationship_Count^2 Total_Revolving_Bal,-0.4272418620149706"
"138,poly__Contacts_Count_12_mon Months_Inactive_12_mon^2,0.4284040282676146"
"7,poly__Total_Relationship_Count,-0.42968871023553756"
"625,poly__Contacts_Count_12_mon Total_Amt_Chng_Q4_Q1 Total_Ct_Chng_Q4_Q1 Total_Trans_Ct,-0.4310139298310751"
"128,poly__Contacts_Count_12_mon^2 Total_Trans_Amt,0.4314549436816019"
"256,poly__Total_Ct_Chng_Q4_Q1 Total_Relationship_Count^2,-0.43148320363300585"
"995,poly__Total_Revolving_Bal Total_Trans_Ct^3,-0.43188717745509864"
"82,poly__Avg_Utilization_Ratio Contacts_Count_12_mon Total_Revolving_Bal,0.43430052965565663"
"122,poly__Contacts_Count_12_mon^2 Dependent_count,-0.4345219951474811"
"356,poly__Avg_Utilization_Ratio Contacts_Count_12_mon Dependent_count Total_Trans_Amt,0.4348495799946071"
"605,poly__Contacts_Count_12_mon Months_Inactive_12_mon Total_Relationship_Count^2,0.4381728894892106"
"823,poly__Months_Inactive_12_mon Total_Amt_Chng_Q4_Q1^2 Total_Trans_Amt,0.4382828878761445"
"933,poly__Total_Ct_Chng_Q4_Q1^3 Total_Revolving_Bal,-0.43863280697696033"
"564,poly__Contacts_Count_12_mon Dependent_count Months_Inactive_12_mon Total_Trans_Amt,0.43901863142379605"
"475,poly__Avg_Utilization_Ratio Total_Ct_Chng_Q4_Q1^2 Total_Trans_Ct,-0.43976268873644114"
"716,poly__Dependent_count Months_Inactive_12_mon Total_Amt_Chng_Q4_Q1 Total_Relationship_Count,0.44129533227332124"
"453,poly__Avg_Utilization_Ratio Total_Amt_Chng_Q4_Q1^2 Total_Revolving_Bal,-0.4426202982773697"
"234,poly__Total_Amt_Chng_Q4_Q1^2 Total_Trans_Amt,0.442766597945861"
"462,poly__Avg_Utilization_Ratio Total_Amt_Chng_Q4_Q1 Total_Relationship_Count Total_Revolving_Bal,0.44285151153141405"
"988,poly__Total_Revolving_Bal^3 Total_Trans_Ct,0.44583563843353924"
"548,poly__Contacts_Count_12_mon^2 Total_Trans_Amt^2,0.44649711665198105"
"336,poly__Avg_Utilization_Ratio^2 Total_Revolving_Bal Total_Trans_Amt,0.4465267645482543"
"466,poly__Avg_Utilization_Ratio Total_Amt_Chng_Q4_Q1 Total_Revolving_Bal Total_Trans_Amt,0.4498741082401201"
"254,poly__Total_Ct_Chng_Q4_Q1^2 Total_Trans_Amt,0.4503038787757013"
"767,poly__Dependent_count Total_Ct_Chng_Q4_Q1 Total_Revolving_Bal Total_Trans_Ct,-0.4513041995676476"
"929,poly__Total_Amt_Chng_Q4_Q1 Total_Trans_Amt Total_Trans_Ct^2,-0.4536520990157821"
"478,poly__Avg_Utilization_Ratio Total_Ct_Chng_Q4_Q1 Total_Relationship_Count Total_Trans_Amt,-0.4537783748619863"
"730,poly__Dependent_count Months_Inactive_12_mon Total_Revolving_Bal Total_Trans_Amt,0.45416631140862834"
"493,poly__Avg_Utilization_Ratio Total_Relationship_Count Total_Trans_Amt^2,-0.4561733174465627"
"416,poly__Avg_Utilization_Ratio Dependent_count Total_Revolving_Bal^2,-0.4570349053102522"
"394,poly__Avg_Utilization_Ratio Dependent_count Months_Inactive_12_mon^2,-0.4581130314489933"
"907,poly__Total_Amt_Chng_Q4_Q1 Total_Ct_Chng_Q4_Q1 Total_Revolving_Bal Total_Trans_Ct,0.4588805600390782"
"602,poly__Contacts_Count_12_mon Months_Inactive_12_mon Total_Ct_Chng_Q4_Q1 Total_Revolving_Bal,-0.46028320721493876"
"865,poly__Months_Inactive_12_mon Total_Revolving_Bal^3,0.46126421080297425"
"675,poly__Dependent_count^3 Total_Relationship_Count,0.4635703223233031"
"166,poly__Dependent_count^3,-0.46451804279078546"
"420,poly__Avg_Utilization_Ratio Dependent_count Total_Trans_Amt Total_Trans_Ct,-0.46686528720957576"
"426,poly__Avg_Utilization_Ratio Months_Inactive_12_mon^2 Total_Revolving_Bal,-0.4682976260382345"
"938,poly__Total_Ct_Chng_Q4_Q1^2 Total_Relationship_Count Total_Trans_Amt,0.4685587293716017"
"121,poly__Contacts_Count_12_mon^3,-0.47094128779139055"
"321,poly__Avg_Utilization_Ratio^2 Total_Amt_Chng_Q4_Q1 Total_Ct_Chng_Q4_Q1,0.47203408311773964"
"562,poly__Contacts_Count_12_mon Dependent_count Months_Inactive_12_mon Total_Relationship_Count,0.47237048454722386"
"715,poly__Dependent_count Months_Inactive_12_mon Total_Amt_Chng_Q4_Q1 Total_Ct_Chng_Q4_Q1,-0.4724721447458774"
"185,poly__Dependent_count Total_Amt_Chng_Q4_Q1 Total_Trans_Amt,0.47364593789015513"
"681,poly__Dependent_count^2 Months_Inactive_12_mon Total_Ct_Chng_Q4_Q1,0.4754602239086354"
"927,poly__Total_Amt_Chng_Q4_Q1 Total_Trans_Amt^3,-0.47755660273784883"
"762,poly__Dependent_count Total_Ct_Chng_Q4_Q1 Total_Relationship_Count Total_Revolving_Bal,0.4781491547243346"
"863,poly__Months_Inactive_12_mon Total_Relationship_Count Total_Trans_Amt Total_Trans_Ct,-0.4791736937730307"
"482,poly__Avg_Utilization_Ratio Total_Ct_Chng_Q4_Q1 Total_Revolving_Bal Total_Trans_Ct,0.47920660052117164"
"721,poly__Dependent_count Months_Inactive_12_mon Total_Ct_Chng_Q4_Q1 Total_Relationship_Count,0.4792792394468387"
"866,poly__Months_Inactive_12_mon Total_Revolving_Bal^2 Total_Trans_Amt,0.4801326515215182"
"717,poly__Dependent_count Months_Inactive_12_mon Total_Amt_Chng_Q4_Q1 Total_Revolving_Bal,-0.4807931641013815"
"970,poly__Total_Relationship_Count^2 Total_Revolving_Bal^2,0.48094191377708967"
"490,poly__Avg_Utilization_Ratio Total_Relationship_Count Total_Revolving_Bal^2,-0.4854483022908634"
"42,poly__Months_Inactive_12_mon Total_Revolving_Bal,-0.4855143910283488"
"27,poly__Contacts_Count_12_mon Total_Revolving_Bal,-0.4876283577888411"
"190,poly__Dependent_count Total_Ct_Chng_Q4_Q1 Total_Trans_Amt,0.48836986954433403"
"335,poly__Avg_Utilization_Ratio^2 Total_Revolving_Bal^2,-0.48899491145233204"
"656,poly__Contacts_Count_12_mon Total_Relationship_Count Total_Revolving_Bal Total_Trans_Amt,0.48945032963707313"
"854,poly__Months_Inactive_12_mon Total_Ct_Chng_Q4_Q1 Total_Trans_Ct^2,-0.49178083904241837"
"40,poly__Months_Inactive_12_mon Total_Ct_Chng_Q4_Q1,-0.4924706215384498"
"747,poly__Dependent_count Total_Amt_Chng_Q4_Q1 Total_Relationship_Count Total_Revolving_Bal,0.49335917771746196"
"467,poly__Avg_Utilization_Ratio Total_Amt_Chng_Q4_Q1 Total_Revolving_Bal Total_Trans_Ct,-0.49362172881037314"
"902,poly__Total_Amt_Chng_Q4_Q1 Total_Ct_Chng_Q4_Q1 Total_Relationship_Count Total_Revolving_Bal,-0.494701980249522"
"771,poly__Dependent_count Total_Relationship_Count^3,-0.49524335452552837"
"322,poly__Avg_Utilization_Ratio^2 Total_Amt_Chng_Q4_Q1 Total_Relationship_Count,-0.4963992265589603"
"358,poly__Avg_Utilization_Ratio Contacts_Count_12_mon Months_Inactive_12_mon^2,-0.49970158714518365"
"106,poly__Avg_Utilization_Ratio Total_Ct_Chng_Q4_Q1^2,-0.4998660110480261"
"433,poly__Avg_Utilization_Ratio Months_Inactive_12_mon Total_Amt_Chng_Q4_Q1 Total_Trans_Amt,0.5000398092897649"
"868,poly__Months_Inactive_12_mon Total_Revolving_Bal Total_Trans_Amt^2,-0.5013951945977061"
"841,poly__Months_Inactive_12_mon Total_Ct_Chng_Q4_Q1^2 Total_Relationship_Count,-0.5021577751498993"
"690,poly__Dependent_count^2 Total_Amt_Chng_Q4_Q1 Total_Trans_Amt,0.5027183410319428"
"458,poly__Avg_Utilization_Ratio Total_Amt_Chng_Q4_Q1 Total_Ct_Chng_Q4_Q1 Total_Revolving_Bal,-0.5031575835478188"
"857,poly__Months_Inactive_12_mon Total_Relationship_Count^2 Total_Trans_Amt,-0.5046028503262049"
"880,poly__Total_Amt_Chng_Q4_Q1^3 Total_Trans_Ct,0.5082401229041801"
"731,poly__Dependent_count Months_Inactive_12_mon Total_Revolving_Bal Total_Trans_Ct,0.5093381510418676"
"431,poly__Avg_Utilization_Ratio Months_Inactive_12_mon Total_Amt_Chng_Q4_Q1 Total_Relationship_Count,0.510947816661605"
"804,poly__Months_Inactive_12_mon^2 Total_Ct_Chng_Q4_Q1^2,-0.5112159890356561"
"879,poly__Total_Amt_Chng_Q4_Q1^3 Total_Trans_Amt,0.5115696804139224"
"986,poly__Total_Revolving_Bal^4,-0.5118379642447571"
"622,poly__Contacts_Count_12_mon Total_Amt_Chng_Q4_Q1 Total_Ct_Chng_Q4_Q1 Total_Relationship_Count,-0.5119619485678837"
"811,poly__Months_Inactive_12_mon^2 Total_Relationship_Count Total_Trans_Amt,-0.5140449633394367"
"432,poly__Avg_Utilization_Ratio Months_Inactive_12_mon Total_Amt_Chng_Q4_Q1 Total_Revolving_Bal,-0.5187937660480232"
"664,poly__Contacts_Count_12_mon Total_Revolving_Bal Total_Trans_Amt^2,-0.5204524218727558"
"410,poly__Avg_Utilization_Ratio Dependent_count Total_Ct_Chng_Q4_Q1 Total_Trans_Amt,0.5246325107552033"
"624,poly__Contacts_Count_12_mon Total_Amt_Chng_Q4_Q1 Total_Ct_Chng_Q4_Q1 Total_Trans_Amt,-0.5271484632107404"
"9,poly__Total_Trans_Amt,0.5285120955189785"
"450,poly__Avg_Utilization_Ratio Total_Amt_Chng_Q4_Q1^3,-0.5299872193715547"
"497,poly__Avg_Utilization_Ratio Total_Revolving_Bal^2 Total_Trans_Amt,-0.5332197147615902"
"245,poly__Total_Amt_Chng_Q4_Q1 Total_Revolving_Bal^2,0.5342356507554589"
"332,poly__Avg_Utilization_Ratio^2 Total_Relationship_Count Total_Revolving_Bal,-0.5357322286495909"
"623,poly__Contacts_Count_12_mon Total_Amt_Chng_Q4_Q1 Total_Ct_Chng_Q4_Q1 Total_Revolving_Bal,0.5359872332688257"
"925,poly__Total_Amt_Chng_Q4_Q1 Total_Revolving_Bal Total_Trans_Amt Total_Trans_Ct,0.5362213555784294"
"763,poly__Dependent_count Total_Ct_Chng_Q4_Q1 Total_Relationship_Count Total_Trans_Amt,-0.5377276998199274"
"158,poly__Contacts_Count_12_mon Total_Relationship_Count Total_Trans_Amt,0.5397235565252639"
"606,poly__Contacts_Count_12_mon Months_Inactive_12_mon Total_Relationship_Count Total_Revolving_Bal,0.5407132302134331"
"448,poly__Avg_Utilization_Ratio Months_Inactive_12_mon Total_Trans_Amt Total_Trans_Ct,-0.5407966106386812"
"668,poly__Contacts_Count_12_mon Total_Trans_Amt^2 Total_Trans_Ct,-0.5431995792269553"
"981,poly__Total_Relationship_Count Total_Revolving_Bal Total_Trans_Ct^2,-0.5432573305613002"
"407,poly__Avg_Utilization_Ratio Dependent_count Total_Ct_Chng_Q4_Q1^2,0.545043790803163"
"830,poly__Months_Inactive_12_mon Total_Amt_Chng_Q4_Q1 Total_Relationship_Count^2,-0.5454423153761465"
"88,poly__Avg_Utilization_Ratio Dependent_count Total_Ct_Chng_Q4_Q1,0.5468031250838357"
"43,poly__Months_Inactive_12_mon Total_Trans_Amt,0.5498336496133795"
"38,poly__Months_Inactive_12_mon^2,0.553385422084943"
"502,poly__Avg_Utilization_Ratio Total_Trans_Amt^3,0.558719217766944"
"650,poly__Contacts_Count_12_mon Total_Ct_Chng_Q4_Q1 Total_Trans_Ct^2,0.5587685946952854"
"893,poly__Total_Amt_Chng_Q4_Q1^2 Total_Trans_Amt^2,0.5609253128358324"
"213,poly__Months_Inactive_12_mon Total_Amt_Chng_Q4_Q1 Total_Trans_Amt,0.5628317232084978"
"396,poly__Avg_Utilization_Ratio Dependent_count Months_Inactive_12_mon Total_Ct_Chng_Q4_Q1,-0.5652857852541587"
"775,poly__Dependent_count Total_Relationship_Count Total_Revolving_Bal^2,0.5658114140846228"
"589,poly__Contacts_Count_12_mon Months_Inactive_12_mon^2 Total_Ct_Chng_Q4_Q1,0.5666795400562621"
"735,poly__Dependent_count Total_Amt_Chng_Q4_Q1^3,-0.5672863346516196"
"30,poly__Dependent_count^2,-0.5709322538735102"
"870,poly__Months_Inactive_12_mon Total_Revolving_Bal Total_Trans_Ct^2,0.5710831223577254"
"330,poly__Avg_Utilization_Ratio^2 Total_Ct_Chng_Q4_Q1 Total_Trans_Ct,0.5716051580178312"
"616,poly__Contacts_Count_12_mon Total_Amt_Chng_Q4_Q1^2 Total_Ct_Chng_Q4_Q1,-0.5722308151624733"
"49,poly__Total_Amt_Chng_Q4_Q1 Total_Trans_Amt,0.5776634438466455"
"629,poly__Contacts_Count_12_mon Total_Amt_Chng_Q4_Q1 Total_Relationship_Count Total_Trans_Ct,-0.5809286908640386"
"269,poly__Total_Relationship_Count^2 Total_Trans_Ct,-0.5814622595714285"
"257,poly__Total_Ct_Chng_Q4_Q1 Total_Relationship_Count Total_Revolving_Bal,0.5823693022323136"
"852,poly__Months_Inactive_12_mon Total_Ct_Chng_Q4_Q1 Total_Trans_Amt^2,0.586155961212183"
"148,poly__Contacts_Count_12_mon Total_Amt_Chng_Q4_Q1 Total_Revolving_Bal,0.5872317367911839"
"913,poly__Total_Amt_Chng_Q4_Q1 Total_Relationship_Count^2 Total_Trans_Amt,0.5917579103403037"
"794,poly__Months_Inactive_12_mon^3 Total_Relationship_Count,-0.5924102175292021"
"579,poly__Contacts_Count_12_mon Dependent_count Total_Relationship_Count Total_Trans_Amt,-0.5946793527641022"
"648,poly__Contacts_Count_12_mon Total_Ct_Chng_Q4_Q1 Total_Trans_Amt^2,0.595501054797275"
"291,poly__Avg_Utilization_Ratio^3 Total_Ct_Chng_Q4_Q1,-0.595882771556275"
"108,poly__Avg_Utilization_Ratio Total_Ct_Chng_Q4_Q1 Total_Revolving_Bal,0.5980114079364753"
"164,poly__Contacts_Count_12_mon Total_Trans_Amt Total_Trans_Ct,0.5988654077051396"
"160,poly__Contacts_Count_12_mon Total_Revolving_Bal^2,0.6020689039625128"
"92,poly__Avg_Utilization_Ratio Dependent_count Total_Trans_Ct,-0.6060086350942393"
"655,poly__Contacts_Count_12_mon Total_Relationship_Count Total_Revolving_Bal^2,-0.6074317462762475"
"414,poly__Avg_Utilization_Ratio Dependent_count Total_Relationship_Count Total_Trans_Amt,-0.6134221697382147"
"91,poly__Avg_Utilization_Ratio Dependent_count Total_Trans_Amt,-0.618156802200971"
"353,poly__Avg_Utilization_Ratio Contacts_Count_12_mon Dependent_count Total_Ct_Chng_Q4_Q1,0.6292186994834129"
"965,poly__Total_Ct_Chng_Q4_Q1 Total_Trans_Ct^3,0.6295722147251774"
"710,poly__Dependent_count Months_Inactive_12_mon^2 Total_Relationship_Count,-0.6296737014303817"
"691,poly__Dependent_count^2 Total_Amt_Chng_Q4_Q1 Total_Trans_Ct,-0.6336617852780422"
"123,poly__Contacts_Count_12_mon^2 Months_Inactive_12_mon,-0.6364262207240956"
"146,poly__Contacts_Count_12_mon Total_Amt_Chng_Q4_Q1 Total_Ct_Chng_Q4_Q1,-0.6376128249403338"
"773,poly__Dependent_count Total_Relationship_Count^2 Total_Trans_Amt,-0.6470213961100988"
"963,poly__Total_Ct_Chng_Q4_Q1 Total_Trans_Amt^2 Total_Trans_Ct,-0.6483488725322969"
"968,poly__Total_Relationship_Count^3 Total_Trans_Amt,0.6491363933053302"
"864,poly__Months_Inactive_12_mon Total_Relationship_Count Total_Trans_Ct^2,-0.6512709454973651"
"20,poly__Avg_Utilization_Ratio Total_Trans_Ct,-0.6560273403497187"
"919,poly__Total_Amt_Chng_Q4_Q1 Total_Relationship_Count Total_Trans_Amt Total_Trans_Ct,0.6560485881217882"
"687,poly__Dependent_count^2 Total_Amt_Chng_Q4_Q1 Total_Ct_Chng_Q4_Q1,-0.6582219006788946"
"294,poly__Avg_Utilization_Ratio^3 Total_Trans_Amt,-0.6615499938957833"
"877,poly__Total_Amt_Chng_Q4_Q1^3 Total_Relationship_Count,-0.6635979484436075"
"485,poly__Avg_Utilization_Ratio Total_Ct_Chng_Q4_Q1 Total_Trans_Ct^2,-0.6636022162712418"
"487,poly__Avg_Utilization_Ratio Total_Relationship_Count^2 Total_Revolving_Bal,0.6648539764734411"
"21,poly__Contacts_Count_12_mon^2,-0.6664121751165968"
"84,poly__Avg_Utilization_Ratio Contacts_Count_12_mon Total_Trans_Ct,-0.6667910039559195"
"858,poly__Months_Inactive_12_mon Total_Relationship_Count^2 Total_Trans_Ct,-0.6732696976822073"
"871,poly__Months_Inactive_12_mon Total_Trans_Amt^3,-0.6804123562114809"
"230,poly__Total_Amt_Chng_Q4_Q1^3,-0.6850879536410843"
"445,poly__Avg_Utilization_Ratio Months_Inactive_12_mon Total_Revolving_Bal Total_Trans_Amt,0.686935223320911"
"438,poly__Avg_Utilization_Ratio Months_Inactive_12_mon Total_Ct_Chng_Q4_Q1 Total_Trans_Amt,-0.6877115490808723"
"805,poly__Months_Inactive_12_mon^2 Total_Ct_Chng_Q4_Q1 Total_Relationship_Count,0.6881003498190874"
"998,poly__Total_Trans_Amt^2 Total_Trans_Ct^2,-0.6955622756044663"
"849,poly__Months_Inactive_12_mon Total_Ct_Chng_Q4_Q1 Total_Revolving_Bal^2,-0.7055066873448332"
"489,poly__Avg_Utilization_Ratio Total_Relationship_Count^2 Total_Trans_Ct,-0.7073597788232947"
"457,poly__Avg_Utilization_Ratio Total_Amt_Chng_Q4_Q1 Total_Ct_Chng_Q4_Q1 Total_Relationship_Count,-0.7114621810291885"
"891,poly__Total_Amt_Chng_Q4_Q1^2 Total_Revolving_Bal Total_Trans_Amt,-0.7153941795461187"
"753,poly__Dependent_count Total_Amt_Chng_Q4_Q1 Total_Trans_Amt^2,-0.7165917079206429"
"295,poly__Avg_Utilization_Ratio^3 Total_Trans_Ct,-0.7167154238788568"
"580,poly__Contacts_Count_12_mon Dependent_count Total_Relationship_Count Total_Trans_Ct,0.7171160500191276"
"966,poly__Total_Relationship_Count^4,-0.7188126381512625"
"888,poly__Total_Amt_Chng_Q4_Q1^2 Total_Relationship_Count Total_Trans_Amt,0.719623438164437"
"908,poly__Total_Amt_Chng_Q4_Q1 Total_Ct_Chng_Q4_Q1 Total_Trans_Amt^2,-0.7231382389807428"
"928,poly__Total_Amt_Chng_Q4_Q1 Total_Trans_Amt^2 Total_Trans_Ct,-0.7273304837883244"
"222,poly__Months_Inactive_12_mon Total_Relationship_Count Total_Trans_Amt,0.732771510283585"
"802,poly__Months_Inactive_12_mon^2 Total_Amt_Chng_Q4_Q1 Total_Trans_Amt,0.7358262592444149"
"229,poly__Months_Inactive_12_mon Total_Trans_Ct^2,-0.7361390323957947"
"456,poly__Avg_Utilization_Ratio Total_Amt_Chng_Q4_Q1 Total_Ct_Chng_Q4_Q1^2,-0.7366040584798101"
"640,poly__Contacts_Count_12_mon Total_Ct_Chng_Q4_Q1^2 Total_Trans_Ct,-0.7366588849381683"
"873,poly__Months_Inactive_12_mon Total_Trans_Amt Total_Trans_Ct^2,0.7518617368375443"
"63,poly__Total_Trans_Amt^2,0.7538643947586589"
"984,poly__Total_Relationship_Count Total_Trans_Amt Total_Trans_Ct^2,0.7543172643888493"
"31,poly__Dependent_count Months_Inactive_12_mon,0.7710629225216915"
"503,poly__Avg_Utilization_Ratio Total_Trans_Amt^2 Total_Trans_Ct,0.778088391572896"
"339,poly__Avg_Utilization_Ratio^2 Total_Trans_Amt Total_Trans_Ct,-0.7841351459469065"
"44,poly__Months_Inactive_12_mon Total_Trans_Ct,-0.7863382037415227"
"208,poly__Months_Inactive_12_mon^2 Total_Trans_Ct,-0.7891918413396881"
"37,poly__Dependent_count Total_Trans_Ct,-0.7912442991741129"
"969,poly__Total_Relationship_Count^3 Total_Trans_Ct,-0.7986045967007463"
"956,poly__Total_Ct_Chng_Q4_Q1 Total_Revolving_Bal^3,-0.8072118418629582"
"278,poly__Total_Revolving_Bal^2 Total_Trans_Ct,-0.8075739743897433"
"838,poly__Months_Inactive_12_mon Total_Amt_Chng_Q4_Q1 Total_Trans_Amt Total_Trans_Ct,0.813583101720522"
"126,poly__Contacts_Count_12_mon^2 Total_Relationship_Count,-0.8190385268846267"
"276,poly__Total_Revolving_Bal^3,0.8198589977579221"
"468,poly__Avg_Utilization_Ratio Total_Amt_Chng_Q4_Q1 Total_Trans_Amt^2,0.8256599793494218"
"550,poly__Contacts_Count_12_mon^2 Total_Trans_Ct^2,-0.8306126940603518"
"700,poly__Dependent_count^2 Total_Relationship_Count Total_Trans_Ct,0.8343672694616231"
"65,poly__Total_Trans_Ct^2,-0.8392719717212221"
"11,poly__Avg_Utilization_Ratio^2,-0.8498854005034525"
"402,poly__Avg_Utilization_Ratio Dependent_count Total_Amt_Chng_Q4_Q1 Total_Ct_Chng_Q4_Q1,0.8513860929944085"
"604,poly__Contacts_Count_12_mon Months_Inactive_12_mon Total_Ct_Chng_Q4_Q1 Total_Trans_Ct,0.8616460370554061"
"163,poly__Contacts_Count_12_mon Total_Trans_Amt^2,0.8697298779970812"
"649,poly__Contacts_Count_12_mon Total_Ct_Chng_Q4_Q1 Total_Trans_Amt Total_Trans_Ct,0.885546512532221"
"275,poly__Total_Relationship_Count Total_Trans_Ct^2,-0.8865939992388145"
"598,poly__Contacts_Count_12_mon Months_Inactive_12_mon Total_Amt_Chng_Q4_Q1 Total_Trans_Amt,-0.8904866026055387"
"964,poly__Total_Ct_Chng_Q4_Q1 Total_Trans_Amt Total_Trans_Ct^2,0.8955637582179647"
"707,poly__Dependent_count Months_Inactive_12_mon^3,-0.902332789430925"
"8,poly__Total_Revolving_Bal,-0.9023477229456967"
"470,poly__Avg_Utilization_Ratio Total_Amt_Chng_Q4_Q1 Total_Trans_Ct^2,-0.9155163697077382"
"268,poly__Total_Relationship_Count^2 Total_Trans_Amt,0.9237020706010282"
"982,poly__Total_Relationship_Count Total_Trans_Amt^3,-0.9408191623842797"
"506,poly__Contacts_Count_12_mon^4,0.9450634194510619"
"224,poly__Months_Inactive_12_mon Total_Revolving_Bal^2,0.9502521650752744"
"495,poly__Avg_Utilization_Ratio Total_Relationship_Count Total_Trans_Ct^2,-0.958672533805364"
"29,poly__Contacts_Count_12_mon Total_Trans_Ct,-0.9602500476938733"
"992,poly__Total_Revolving_Bal Total_Trans_Amt^3,0.9658389437723204"
"505,poly__Avg_Utilization_Ratio Total_Trans_Ct^3,-1.001926666662829"
"469,poly__Avg_Utilization_Ratio Total_Amt_Chng_Q4_Q1 Total_Trans_Amt Total_Trans_Ct,1.0022030439854333"
"670,poly__Contacts_Count_12_mon Total_Trans_Ct^3,-1.0166157567663112"
"2,poly__Contacts_Count_12_mon,1.0214607235329838"
"780,poly__Dependent_count Total_Relationship_Count Total_Trans_Ct^2,1.0634058963607793"
"282,poly__Total_Trans_Amt^3,-1.0763319809683924"
"787,poly__Dependent_count Total_Trans_Amt^3,-1.098298682026646"
"473,poly__Avg_Utilization_Ratio Total_Ct_Chng_Q4_Q1^2 Total_Revolving_Bal,1.1332248143839867"
"115,poly__Avg_Utilization_Ratio Total_Revolving_Bal^2,1.1557434767218506"
"408,poly__Avg_Utilization_Ratio Dependent_count Total_Ct_Chng_Q4_Q1 Total_Relationship_Count,-1.1590752914146198"
"483,poly__Avg_Utilization_Ratio Total_Ct_Chng_Q4_Q1 Total_Trans_Amt^2,1.2028181329314807"
"667,poly__Contacts_Count_12_mon Total_Trans_Amt^3,-1.2059049459691356"
"494,poly__Avg_Utilization_Ratio Total_Relationship_Count Total_Trans_Amt Total_Trans_Ct,-1.348537260290756"
"997,poly__Total_Trans_Amt^3 Total_Trans_Ct,-1.3857123018009059"
"58,poly__Total_Relationship_Count Total_Trans_Amt,1.4097953755281996"
"615,poly__Contacts_Count_12_mon Total_Amt_Chng_Q4_Q1^3,-1.525643698555888"
"10,poly__Total_Trans_Ct,-1.6121408270734878"
"1000,poly__Total_Trans_Ct^4,1.9697426687618715"
"996,poly__Total_Trans_Amt^4,-2.048383567255042"
"962,poly__Total_Ct_Chng_Q4_Q1 Total_Trans_Amt^3,-2.2089324064808995"
