features,Coefficients
poly__Total_Ct_Chng_Q4_Q1 Total_Trans_Amt^3,-1.776424424
poly__Total_Trans_Amt^4,-1.623713311
poly__Total_Trans_Ct^4,1.620720113
poly__Contacts_Count_12_mon Total_Amt_Chng_Q4_Q1^3,-1.534304608
poly__Total_Trans_Ct,-1.343575329
poly__Avg_Utilization_Ratio Total_Relationship_Count Total_Trans_Amt Total_Trans_Ct,-1.174909784
poly__Avg_Utilization_Ratio Total_Revolving_Bal^2,1.113705666
poly__Avg_Utilization_Ratio Total_Ct_Chng_Q4_Q1^2 Total_Revolving_Bal,1.056254414
poly__Contacts_Count_12_mon Total_Trans_Amt^3,-1.032165796
poly__Total_Trans_Amt^3,-1.025800868
poly__Avg_Utilization_Ratio^2 Total_Trans_Amt Total_Trans_Ct,-0.989460145
poly__Total_Relationship_Count Total_Trans_Amt,0.979608482
poly__Total_Trans_Amt^3 Total_Trans_Ct,-0.971335865
poly__Total_Revolving_Bal,-0.927564201
poly__Total_Revolving_Bal^3,0.899196033
poly__Total_Revolving_Bal Total_Trans_Amt^3,0.89351215
poly__Avg_Utilization_Ratio Dependent_count Total_Ct_Chng_Q4_Q1 Total_Relationship_Count,-0.887952597
poly__Contacts_Count_12_mon Total_Trans_Ct,-0.85885722
poly__Avg_Utilization_Ratio Months_Inactive_12_mon Total_Ct_Chng_Q4_Q1 Total_Trans_Amt,-0.858192053
poly__Contacts_Count_12_mon Total_Trans_Ct^3,-0.853124272
poly__Contacts_Count_12_mon Dependent_count Total_Relationship_Count Total_Trans_Amt,-0.836032186
poly__Total_Amt_Chng_Q4_Q1 Total_Ct_Chng_Q4_Q1 Total_Trans_Amt^2,-0.826066147
poly__Avg_Utilization_Ratio Dependent_count Total_Trans_Amt Total_Trans_Ct,-0.81467159
poly__Contacts_Count_12_mon^4,0.805546999
poly__Dependent_count Total_Trans_Amt^3,-0.802412199
poly__Contacts_Count_12_mon^2 Total_Relationship_Count,-0.80050493
poly__Contacts_Count_12_mon Months_Inactive_12_mon Total_Amt_Chng_Q4_Q1 Total_Trans_Amt,-0.798862568
poly__Contacts_Count_12_mon,0.798144023
poly__Contacts_Count_12_mon Total_Trans_Amt^2,0.796798918
poly__Avg_Utilization_Ratio Total_Trans_Ct^3,-0.790602066
poly__Avg_Utilization_Ratio Total_Ct_Chng_Q4_Q1 Total_Trans_Amt^2,0.789998182
poly__Months_Inactive_12_mon^3 Total_Relationship_Count,-0.789792029
poly__Total_Relationship_Count Total_Trans_Amt^3,-0.77236686
poly__Avg_Utilization_Ratio Total_Amt_Chng_Q4_Q1 Total_Trans_Amt Total_Trans_Ct,0.771851461
poly__Avg_Utilization_Ratio Total_Relationship_Count Total_Trans_Ct^2,-0.764721855
poly__Total_Amt_Chng_Q4_Q1^2 Total_Relationship_Count Total_Trans_Amt,0.761437014
poly__Total_Amt_Chng_Q4_Q1 Total_Trans_Amt^2 Total_Trans_Ct,-0.757485315
poly__Total_Relationship_Count Total_Trans_Ct^2,-0.751496356
poly__Total_Amt_Chng_Q4_Q1 Total_Revolving_Bal^2,0.74994612
poly__Avg_Utilization_Ratio Dependent_count Total_Trans_Ct,-0.74585535
poly__Avg_Utilization_Ratio Dependent_count Total_Amt_Chng_Q4_Q1 Total_Relationship_Count,-0.73579591
poly__Months_Inactive_12_mon Total_Relationship_Count^2 Total_Trans_Ct,-0.734816285
poly__Dependent_count Total_Relationship_Count Total_Trans_Ct^2,0.732033067
poly__Total_Ct_Chng_Q4_Q1 Total_Revolving_Bal^3,-0.727420911
poly__Dependent_count Total_Trans_Ct,-0.721483139
poly__Months_Inactive_12_mon^2 Total_Amt_Chng_Q4_Q1 Total_Trans_Amt,0.716951739
poly__Months_Inactive_12_mon Total_Trans_Amt^3,-0.716605343
poly__Avg_Utilization_Ratio^2 Total_Ct_Chng_Q4_Q1 Total_Trans_Ct,0.71591223
poly__Total_Relationship_Count^3 Total_Trans_Ct,-0.712435026
poly__Months_Inactive_12_mon Total_Trans_Ct,-0.710467286
poly__Avg_Utilization_Ratio Months_Inactive_12_mon Total_Amt_Chng_Q4_Q1 Total_Revolving_Bal,-0.710443602
poly__Months_Inactive_12_mon Total_Amt_Chng_Q4_Q1 Total_Trans_Amt Total_Trans_Ct,0.707739185
poly__Months_Inactive_12_mon^2 Total_Trans_Ct,-0.704763353
poly__Avg_Utilization_Ratio^2 Total_Amt_Chng_Q4_Q1 Total_Ct_Chng_Q4_Q1,0.701737375
poly__Total_Amt_Chng_Q4_Q1 Total_Relationship_Count Total_Trans_Amt Total_Trans_Ct,0.697932763
poly__Contacts_Count_12_mon Total_Relationship_Count Total_Revolving_Bal Total_Trans_Amt,0.686805066
poly__Contacts_Count_12_mon Total_Ct_Chng_Q4_Q1 Total_Trans_Amt Total_Trans_Ct,0.685115325
poly__Months_Inactive_12_mon Total_Relationship_Count Total_Trans_Amt,0.683923644
poly__Dependent_count Total_Amt_Chng_Q4_Q1 Total_Trans_Amt^2,-0.67672266
poly__Months_Inactive_12_mon Total_Trans_Ct^2,-0.667286383
poly__Dependent_count Months_Inactive_12_mon Total_Ct_Chng_Q4_Q1 Total_Relationship_Count,0.66671349
poly__Contacts_Count_12_mon Total_Revolving_Bal,-0.661209559
poly__Months_Inactive_12_mon^2 Total_Ct_Chng_Q4_Q1 Total_Relationship_Count,0.654683203
poly__Contacts_Count_12_mon Dependent_count^2 Total_Trans_Amt,-0.6537202
poly__Total_Amt_Chng_Q4_Q1^3,-0.649125711
poly__Contacts_Count_12_mon^2,-0.645003295
poly__Total_Amt_Chng_Q4_Q1 Total_Relationship_Count^2 Total_Trans_Amt,0.644821716
poly__Total_Amt_Chng_Q4_Q1^3 Total_Relationship_Count,-0.641071503
poly__Avg_Utilization_Ratio Months_Inactive_12_mon Total_Trans_Amt Total_Trans_Ct,-0.637852703
poly__Total_Trans_Amt^2,0.636603467
poly__Contacts_Count_12_mon Months_Inactive_12_mon^2 Total_Trans_Ct,-0.633484992
poly__Total_Relationship_Count,-0.632323653
poly__Contacts_Count_12_mon Months_Inactive_12_mon Total_Relationship_Count Total_Revolving_Bal,0.6317475
poly__Dependent_count^2,-0.628244794
poly__Months_Inactive_12_mon Total_Relationship_Count Total_Trans_Ct^2,-0.626626943
poly__Avg_Utilization_Ratio Total_Ct_Chng_Q4_Q1 Total_Revolving_Bal,0.626586641
poly__Avg_Utilization_Ratio Total_Trans_Ct,-0.620417831
poly__Months_Inactive_12_mon Total_Ct_Chng_Q4_Q1 Total_Revolving_Bal^2,-0.619911918
poly__Avg_Utilization_Ratio^2 Total_Amt_Chng_Q4_Q1 Total_Relationship_Count,-0.61675799
poly__Dependent_count Months_Inactive_12_mon,0.612512023
poly__Contacts_Count_12_mon Total_Ct_Chng_Q4_Q1^2 Total_Trans_Ct,-0.612443774
poly__Contacts_Count_12_mon Total_Trans_Amt Total_Trans_Ct,0.604154517
poly__Contacts_Count_12_mon Total_Revolving_Bal^2,0.603326115
poly__Avg_Utilization_Ratio Months_Inactive_12_mon^2 Total_Ct_Chng_Q4_Q1,-0.603318363
poly__Total_Amt_Chng_Q4_Q1 Total_Trans_Ct^3,0.603247746
poly__Total_Relationship_Count Total_Trans_Amt Total_Trans_Ct^2,0.601610263
poly__Avg_Utilization_Ratio Dependent_count Months_Inactive_12_mon Total_Ct_Chng_Q4_Q1,-0.597309465
poly__Avg_Utilization_Ratio Total_Ct_Chng_Q4_Q1 Total_Trans_Ct^2,-0.593482471
poly__Contacts_Count_12_mon Dependent_count Months_Inactive_12_mon Total_Relationship_Count,0.592423516
poly__Total_Ct_Chng_Q4_Q1^2 Total_Relationship_Count Total_Trans_Amt,0.588388521
poly__Total_Relationship_Count Total_Revolving_Bal,-0.585085766
poly__Avg_Utilization_Ratio Dependent_count Total_Amt_Chng_Q4_Q1 Total_Ct_Chng_Q4_Q1,0.584902451
poly__Avg_Utilization_Ratio Total_Amt_Chng_Q4_Q1 Total_Trans_Amt^2,0.583661662
poly__Dependent_count Months_Inactive_12_mon Total_Revolving_Bal Total_Trans_Ct,0.583559859
poly__Dependent_count Total_Amt_Chng_Q4_Q1^3,-0.581402638
poly__Total_Amt_Chng_Q4_Q1 Total_Trans_Amt^3,-0.581145559
poly__Months_Inactive_12_mon Total_Ct_Chng_Q4_Q1 Total_Trans_Amt^2,0.579906968
poly__Avg_Utilization_Ratio^3 Total_Ct_Chng_Q4_Q1,-0.579454939
poly__Total_Ct_Chng_Q4_Q1 Total_Trans_Amt^2 Total_Trans_Ct,-0.578900795
poly__Dependent_count Total_Ct_Chng_Q4_Q1 Total_Relationship_Count Total_Trans_Amt,-0.578176178
poly__Avg_Utilization_Ratio^3 Total_Trans_Ct,-0.574761916
poly__Total_Ct_Chng_Q4_Q1 Total_Trans_Amt Total_Trans_Ct^2,0.571297041
poly__Avg_Utilization_Ratio Total_Amt_Chng_Q4_Q1 Total_Ct_Chng_Q4_Q1^2,-0.568121327
poly__Total_Trans_Ct^2,-0.565442019
poly__Months_Inactive_12_mon Total_Ct_Chng_Q4_Q1 Total_Trans_Ct,0.565255893
poly__Months_Inactive_12_mon Total_Amt_Chng_Q4_Q1^2 Total_Trans_Amt,0.563198477
poly__Months_Inactive_12_mon Total_Relationship_Count Total_Trans_Amt Total_Trans_Ct,-0.561887465
poly__Total_Relationship_Count^2 Total_Trans_Amt,0.561778071
poly__Total_Ct_Chng_Q4_Q1 Total_Relationship_Count^2 Total_Revolving_Bal,-0.560334244
poly__Months_Inactive_12_mon Total_Trans_Amt Total_Trans_Ct^2,0.557236448
poly__Avg_Utilization_Ratio Total_Ct_Chng_Q4_Q1^2 Total_Relationship_Count,-0.555670529
poly__Contacts_Count_12_mon^2 Total_Trans_Ct^2,-0.552232965
poly__Contacts_Count_12_mon Total_Trans_Amt^2 Total_Trans_Ct,-0.551524496
poly__Total_Amt_Chng_Q4_Q1 Total_Trans_Amt,0.550319373
poly__Avg_Utilization_Ratio Total_Amt_Chng_Q4_Q1^2 Total_Relationship_Count,-0.549307179
poly__Contacts_Count_12_mon Total_Amt_Chng_Q4_Q1 Total_Ct_Chng_Q4_Q1,-0.54871236
poly__Avg_Utilization_Ratio Total_Ct_Chng_Q4_Q1 Total_Relationship_Count Total_Trans_Amt,-0.544594027
poly__Avg_Utilization_Ratio Total_Relationship_Count^2 Total_Trans_Ct,-0.539473889
poly__Contacts_Count_12_mon Total_Amt_Chng_Q4_Q1 Total_Ct_Chng_Q4_Q1 Total_Revolving_Bal,0.532122164
poly__Total_Ct_Chng_Q4_Q1^2 Total_Trans_Amt,0.529211511
poly__Avg_Utilization_Ratio Total_Relationship_Count Total_Trans_Amt^2,-0.527034494
poly__Total_Ct_Chng_Q4_Q1 Total_Relationship_Count Total_Revolving_Bal,0.526952867
poly__Contacts_Count_12_mon Total_Ct_Chng_Q4_Q1 Total_Trans_Amt^2,0.526597935
poly__Avg_Utilization_Ratio Contacts_Count_12_mon Dependent_count Total_Ct_Chng_Q4_Q1,0.523965002
poly__Avg_Utilization_Ratio^2 Total_Revolving_Bal^2,-0.523644156
poly__Avg_Utilization_Ratio Total_Amt_Chng_Q4_Q1^3,-0.523061999
poly__Total_Amt_Chng_Q4_Q1 Total_Ct_Chng_Q4_Q1 Total_Revolving_Bal Total_Trans_Ct,0.522794827
poly__Avg_Utilization_Ratio^2 Months_Inactive_12_mon^2,-0.522565918
poly__Months_Inactive_12_mon^2,0.522454075
poly__Total_Relationship_Count^4,-0.521797643
poly__Dependent_count Total_Ct_Chng_Q4_Q1 Total_Revolving_Bal Total_Trans_Ct,-0.518174063
poly__Months_Inactive_12_mon Total_Revolving_Bal^2,0.515923394
poly__Dependent_count Months_Inactive_12_mon^3,-0.51032664
poly__Contacts_Count_12_mon^2 Months_Inactive_12_mon,-0.508283509
poly__Months_Inactive_12_mon Total_Ct_Chng_Q4_Q1 Total_Trans_Ct^2,-0.506583131
poly__Avg_Utilization_Ratio Total_Revolving_Bal Total_Trans_Amt Total_Trans_Ct,-0.504180281
poly__Avg_Utilization_Ratio Total_Trans_Amt^2 Total_Trans_Ct,0.50397492
poly__Contacts_Count_12_mon Total_Amt_Chng_Q4_Q1 Total_Ct_Chng_Q4_Q1 Total_Trans_Amt,-0.503062257
poly__Total_Amt_Chng_Q4_Q1^2 Total_Trans_Amt^2,0.502519639
poly__Avg_Utilization_Ratio Contacts_Count_12_mon Total_Trans_Ct,-0.50242352
poly__Total_Amt_Chng_Q4_Q1^2 Total_Revolving_Bal Total_Trans_Amt,-0.500414794
poly__Months_Inactive_12_mon Total_Ct_Chng_Q4_Q1^2 Total_Trans_Amt,0.496913985
poly__Contacts_Count_12_mon Total_Amt_Chng_Q4_Q1 Total_Revolving_Bal,0.496753567
poly__Total_Revolving_Bal^4,-0.492195133
poly__Avg_Utilization_Ratio Total_Amt_Chng_Q4_Q1 Total_Trans_Ct^2,-0.491747422
poly__Total_Revolving_Bal^2 Total_Trans_Ct,-0.490773049
poly__Avg_Utilization_Ratio Total_Relationship_Count^2 Total_Trans_Amt,-0.490294373
poly__Avg_Utilization_Ratio Dependent_count Total_Revolving_Bal Total_Trans_Ct,0.48961166
poly__Contacts_Count_12_mon Months_Inactive_12_mon Total_Ct_Chng_Q4_Q1 Total_Trans_Ct,0.488899163
poly__Months_Inactive_12_mon Total_Amt_Chng_Q4_Q1 Total_Trans_Amt,0.482448309
poly__Total_Ct_Chng_Q4_Q1 Total_Trans_Ct^3,0.481977891
poly__Dependent_count Total_Trans_Amt^2,0.4800464
poly__Months_Inactive_12_mon Total_Amt_Chng_Q4_Q1 Total_Relationship_Count^2,-0.479203169
poly__Months_Inactive_12_mon^3 Total_Revolving_Bal,0.478300634
poly__Dependent_count Total_Relationship_Count^2 Total_Trans_Amt,-0.47617703
poly__Contacts_Count_12_mon^2 Total_Trans_Amt^2,0.474921152
poly__Total_Ct_Chng_Q4_Q1 Total_Relationship_Count Total_Revolving_Bal^2,0.472545617
poly__Contacts_Count_12_mon Months_Inactive_12_mon Total_Revolving_Bal^2,-0.47001331
poly__Contacts_Count_12_mon Dependent_count Total_Trans_Amt^2,0.468656397
poly__Avg_Utilization_Ratio^2 Total_Relationship_Count Total_Revolving_Bal,-0.467671816
poly__Contacts_Count_12_mon Total_Ct_Chng_Q4_Q1 Total_Revolving_Bal Total_Trans_Ct,-0.467650218
poly__Dependent_count^3 Total_Revolving_Bal,-0.46747604
poly__Avg_Utilization_Ratio Dependent_count Total_Ct_Chng_Q4_Q1^2,0.467378425
poly__Dependent_count^2 Total_Amt_Chng_Q4_Q1^2,-0.467225393
poly__Dependent_count Months_Inactive_12_mon Total_Trans_Amt Total_Trans_Ct,-0.466721581
poly__Contacts_Count_12_mon Dependent_count Months_Inactive_12_mon Total_Trans_Ct,0.462304185
poly__Dependent_count Total_Relationship_Count Total_Trans_Amt,0.460516679
poly__Total_Revolving_Bal^3 Total_Trans_Amt,-0.460130967
poly__Total_Ct_Chng_Q4_Q1 Total_Trans_Amt Total_Trans_Ct,0.458198098
poly__Dependent_count^2 Total_Relationship_Count Total_Trans_Ct,0.457493309
poly__Total_Relationship_Count^2 Total_Trans_Ct,-0.457450395
poly__Avg_Utilization_Ratio Total_Amt_Chng_Q4_Q1 Total_Ct_Chng_Q4_Q1 Total_Revolving_Bal,-0.457357514
poly__Contacts_Count_12_mon^3 Total_Trans_Ct,-0.457103045
poly__Avg_Utilization_Ratio Contacts_Count_12_mon^2 Total_Trans_Amt,0.456677135
poly__Months_Inactive_12_mon Total_Ct_Chng_Q4_Q1^2 Total_Relationship_Count,-0.453350669
poly__Contacts_Count_12_mon Months_Inactive_12_mon Total_Trans_Ct^2,-0.452590989
poly__Avg_Utilization_Ratio Total_Relationship_Count^2 Total_Revolving_Bal,0.451167314
poly__Total_Revolving_Bal^3 Total_Trans_Ct,0.448420122
poly__Contacts_Count_12_mon Total_Revolving_Bal Total_Trans_Amt^2,-0.447894714
poly__Contacts_Count_12_mon Months_Inactive_12_mon Total_Revolving_Bal Total_Trans_Ct,-0.447362466
poly__Months_Inactive_12_mon Total_Revolving_Bal Total_Trans_Ct,0.447175591
poly__Contacts_Count_12_mon Months_Inactive_12_mon Total_Relationship_Count^2,0.446038449
poly__Avg_Utilization_Ratio Contacts_Count_12_mon Total_Amt_Chng_Q4_Q1 Total_Trans_Ct,0.445020091
poly__Dependent_count Total_Ct_Chng_Q4_Q1,-0.443764717
poly__Contacts_Count_12_mon Total_Trans_Amt Total_Trans_Ct^2,-0.442141974
poly__Contacts_Count_12_mon Dependent_count Total_Relationship_Count Total_Trans_Ct,0.440620567
poly__Avg_Utilization_Ratio^2 Total_Amt_Chng_Q4_Q1 Total_Revolving_Bal,0.439849685
poly__Contacts_Count_12_mon Total_Relationship_Count^2 Total_Revolving_Bal,0.438747372
poly__Total_Amt_Chng_Q4_Q1 Total_Revolving_Bal^2 Total_Trans_Ct,-0.438459088
poly__Dependent_count^2 Total_Relationship_Count,-0.438149231
poly__Dependent_count^2 Total_Amt_Chng_Q4_Q1 Total_Ct_Chng_Q4_Q1,-0.437661312
poly__Avg_Utilization_Ratio^2,-0.436486851
poly__Dependent_count^2 Months_Inactive_12_mon Total_Amt_Chng_Q4_Q1,-0.436473692
poly__Avg_Utilization_Ratio Total_Ct_Chng_Q4_Q1 Total_Trans_Amt,-0.43641842
poly__Avg_Utilization_Ratio^2 Total_Trans_Amt^2,-0.434770502
poly__Dependent_count Total_Ct_Chng_Q4_Q1 Total_Relationship_Count Total_Revolving_Bal,0.434023546
poly__Contacts_Count_12_mon Months_Inactive_12_mon Total_Ct_Chng_Q4_Q1 Total_Revolving_Bal,-0.432476517
remainder__Gender,-0.432375556
poly__Avg_Utilization_Ratio Total_Trans_Amt^3,0.43207302
poly__Total_Amt_Chng_Q4_Q1^2 Total_Revolving_Bal,-0.43140194
poly__Avg_Utilization_Ratio Dependent_count Months_Inactive_12_mon Total_Trans_Ct,-0.42960317
poly__Contacts_Count_12_mon Dependent_count Total_Revolving_Bal^2,-0.428766897
poly__Avg_Utilization_Ratio Contacts_Count_12_mon Months_Inactive_12_mon Total_Amt_Chng_Q4_Q1,0.428526469
poly__Total_Trans_Amt,0.428149159
poly__Avg_Utilization_Ratio Total_Amt_Chng_Q4_Q1^2 Total_Revolving_Bal,-0.428015652
poly__Avg_Utilization_Ratio Total_Revolving_Bal^2 Total_Trans_Amt,-0.42576036
poly__Dependent_count Total_Ct_Chng_Q4_Q1 Total_Trans_Ct,0.425201336
poly__Contacts_Count_12_mon^2 Total_Amt_Chng_Q4_Q1 Total_Relationship_Count,-0.425172038
poly__Total_Ct_Chng_Q4_Q1^3 Total_Revolving_Bal,-0.423196514
poly__Total_Relationship_Count^2 Total_Revolving_Bal,-0.42228943
poly__Months_Inactive_12_mon Total_Revolving_Bal Total_Trans_Ct^2,0.421852646
poly__Avg_Utilization_Ratio Dependent_count Total_Relationship_Count Total_Trans_Amt,-0.421712484
poly__Dependent_count Total_Revolving_Bal Total_Trans_Amt,-0.419367566
poly__Total_Trans_Amt Total_Trans_Ct^3,0.419353079
poly__Dependent_count Total_Ct_Chng_Q4_Q1 Total_Relationship_Count,-0.418645292
poly__Contacts_Count_12_mon^2 Total_Amt_Chng_Q4_Q1 Total_Trans_Ct,0.418465232
poly__Contacts_Count_12_mon Total_Amt_Chng_Q4_Q1 Total_Ct_Chng_Q4_Q1 Total_Trans_Ct,-0.417474155
poly__Total_Amt_Chng_Q4_Q1 Total_Revolving_Bal^2 Total_Trans_Amt,0.416606464
poly__Contacts_Count_12_mon Total_Revolving_Bal^2 Total_Trans_Amt,-0.415312313
poly__Total_Amt_Chng_Q4_Q1^2,0.414989821
poly__Total_Relationship_Count^3 Total_Trans_Amt,0.411486846
poly__Contacts_Count_12_mon Total_Relationship_Count^3,0.408408408
poly__Total_Revolving_Bal^2 Total_Trans_Amt^2,0.407265555
poly__Total_Ct_Chng_Q4_Q1 Total_Relationship_Count Total_Trans_Amt Total_Trans_Ct,0.406527972
poly__Avg_Utilization_Ratio Contacts_Count_12_mon^2 Total_Trans_Ct,0.405706547
poly__Dependent_count^3,-0.403951854
poly__Months_Inactive_12_mon^2 Total_Ct_Chng_Q4_Q1 Total_Trans_Ct,0.400450886
poly__Avg_Utilization_Ratio^2 Dependent_count Total_Revolving_Bal,-0.399962693
poly__Total_Ct_Chng_Q4_Q1 Total_Relationship_Count^2,-0.399505145
poly__Months_Inactive_12_mon Total_Trans_Amt,0.398156456
poly__Avg_Utilization_Ratio Total_Amt_Chng_Q4_Q1 Total_Ct_Chng_Q4_Q1 Total_Relationship_Count,-0.397747752
poly__Months_Inactive_12_mon Total_Ct_Chng_Q4_Q1,-0.397580723
poly__Contacts_Count_12_mon Total_Ct_Chng_Q4_Q1 Total_Trans_Ct^2,0.395896408
poly__Contacts_Count_12_mon Total_Relationship_Count Total_Trans_Amt,0.395685485
poly__Avg_Utilization_Ratio Contacts_Count_12_mon Months_Inactive_12_mon^2,-0.390648997
poly__Total_Amt_Chng_Q4_Q1^3 Total_Trans_Amt,0.389901051
poly__Total_Trans_Amt Total_Trans_Ct,0.388388338
poly__Avg_Utilization_Ratio Total_Ct_Chng_Q4_Q1 Total_Relationship_Count Total_Revolving_Bal,-0.38812315
poly__Dependent_count^2 Total_Ct_Chng_Q4_Q1 Total_Trans_Amt,-0.388009099
poly__Dependent_count Months_Inactive_12_mon^2 Total_Trans_Amt,0.388000254
poly__Total_Amt_Chng_Q4_Q1^3 Total_Trans_Ct,0.383837671
poly__Avg_Utilization_Ratio^2 Months_Inactive_12_mon Total_Trans_Ct,-0.382258862
poly__Avg_Utilization_Ratio Months_Inactive_12_mon Total_Amt_Chng_Q4_Q1 Total_Ct_Chng_Q4_Q1,-0.381556171
poly__Dependent_count Months_Inactive_12_mon Total_Trans_Ct,-0.38014748
poly__Total_Amt_Chng_Q4_Q1^2 Total_Trans_Amt,0.379778134
poly__Avg_Utilization_Ratio Total_Amt_Chng_Q4_Q1 Total_Relationship_Count Total_Trans_Amt,0.376869698
poly__Total_Amt_Chng_Q4_Q1 Total_Trans_Amt Total_Trans_Ct,0.37685424
poly__Months_Inactive_12_mon Total_Revolving_Bal Total_Trans_Amt^2,-0.376647477
poly__Contacts_Count_12_mon^3,-0.376177859
poly__Months_Inactive_12_mon Total_Amt_Chng_Q4_Q1^3,-0.376172289
poly__Dependent_count Total_Amt_Chng_Q4_Q1 Total_Relationship_Count Total_Revolving_Bal,0.376077239
poly__Total_Amt_Chng_Q4_Q1 Total_Ct_Chng_Q4_Q1 Total_Relationship_Count Total_Revolving_Bal,-0.374984541
poly__Avg_Utilization_Ratio Dependent_count Months_Inactive_12_mon Total_Trans_Amt,-0.372255097
poly__Dependent_count Total_Ct_Chng_Q4_Q1 Total_Revolving_Bal Total_Trans_Amt,0.371395338
poly__Total_Revolving_Bal Total_Trans_Ct,0.370136011
poly__Dependent_count Months_Inactive_12_mon^2 Total_Ct_Chng_Q4_Q1,0.369281651
poly__Dependent_count Total_Relationship_Count Total_Revolving_Bal^2,0.368951921
poly__Contacts_Count_12_mon Total_Relationship_Count,-0.366840067
poly__Total_Ct_Chng_Q4_Q1 Total_Relationship_Count,-0.365871548
poly__Avg_Utilization_Ratio Contacts_Count_12_mon Months_Inactive_12_mon Total_Ct_Chng_Q4_Q1,0.365448769
poly__Contacts_Count_12_mon^3 Total_Revolving_Bal,-0.364902457
poly__Dependent_count Total_Ct_Chng_Q4_Q1 Total_Relationship_Count Total_Trans_Ct,-0.364658673
poly__Dependent_count Total_Trans_Amt,0.363697866
poly__Total_Revolving_Bal Total_Trans_Amt^2,-0.362829104
poly__Avg_Utilization_Ratio Total_Amt_Chng_Q4_Q1 Total_Revolving_Bal Total_Trans_Ct,-0.362098638
poly__Contacts_Count_12_mon Months_Inactive_12_mon^2,0.361525006
poly__Dependent_count Total_Ct_Chng_Q4_Q1 Total_Revolving_Bal^2,-0.361287695
poly__Months_Inactive_12_mon Total_Ct_Chng_Q4_Q1 Total_Revolving_Bal Total_Trans_Amt,0.360451469
poly__Avg_Utilization_Ratio^2 Total_Relationship_Count Total_Trans_Amt,-0.360340394
poly__Avg_Utilization_Ratio Total_Revolving_Bal Total_Trans_Amt,0.359134141
poly__Total_Relationship_Count Total_Revolving_Bal Total_Trans_Ct^2,-0.356608701
poly__Dependent_count Total_Amt_Chng_Q4_Q1^2 Total_Relationship_Count,-0.355918467
poly__Avg_Utilization_Ratio^2 Months_Inactive_12_mon Total_Trans_Amt,-0.355507015
poly__Total_Amt_Chng_Q4_Q1 Total_Relationship_Count Total_Trans_Amt,0.354754605
poly__Months_Inactive_12_mon Total_Amt_Chng_Q4_Q1 Total_Revolving_Bal Total_Trans_Ct,-0.354590127
poly__Contacts_Count_12_mon^3 Dependent_count,0.353508242
poly__Contacts_Count_12_mon Total_Relationship_Count Total_Trans_Amt^2,0.353263953
poly__Total_Trans_Amt^2 Total_Trans_Ct,-0.352429009
poly__Dependent_count Months_Inactive_12_mon Total_Revolving_Bal Total_Trans_Amt,0.351963401
poly__Contacts_Count_12_mon Total_Relationship_Count Total_Revolving_Bal^2,-0.351022398
poly__Total_Trans_Amt^2 Total_Trans_Ct^2,-0.350778469
poly__Avg_Utilization_Ratio Contacts_Count_12_mon Dependent_count,0.350715919
poly__Contacts_Count_12_mon Total_Amt_Chng_Q4_Q1^2,0.349528027
poly__Total_Relationship_Count Total_Revolving_Bal^3,0.349318354
poly__Contacts_Count_12_mon Total_Amt_Chng_Q4_Q1^2 Total_Revolving_Bal,0.348879658
poly__Total_Ct_Chng_Q4_Q1 Total_Revolving_Bal^2,0.347346191
poly__Avg_Utilization_Ratio Total_Amt_Chng_Q4_Q1 Total_Revolving_Bal Total_Trans_Amt,0.347323943
poly__Contacts_Count_12_mon^2 Total_Relationship_Count^2,0.343424023
poly__Total_Amt_Chng_Q4_Q1 Total_Revolving_Bal Total_Trans_Ct^2,-0.342183455
poly__Total_Ct_Chng_Q4_Q1^2 Total_Trans_Ct^2,0.341926747
poly__Avg_Utilization_Ratio Total_Ct_Chng_Q4_Q1 Total_Revolving_Bal Total_Trans_Ct,0.341529655
poly__Avg_Utilization_Ratio Contacts_Count_12_mon Months_Inactive_12_mon Total_Trans_Amt,-0.340172941
poly__Contacts_Count_12_mon Dependent_count Total_Amt_Chng_Q4_Q1 Total_Revolving_Bal,-0.338452739
poly__Contacts_Count_12_mon Total_Amt_Chng_Q4_Q1 Total_Trans_Amt Total_Trans_Ct,0.337320575
poly__Dependent_count Total_Amt_Chng_Q4_Q1 Total_Trans_Amt,0.337214333
poly__Dependent_count Months_Inactive_12_mon Total_Revolving_Bal^2,0.336704748
poly__Avg_Utilization_Ratio Contacts_Count_12_mon Total_Relationship_Count^2,0.336618068
poly__Months_Inactive_12_mon Total_Relationship_Count^2,0.336481424
poly__Total_Ct_Chng_Q4_Q1 Total_Relationship_Count Total_Revolving_Bal Total_Trans_Amt,0.336320837
poly__Avg_Utilization_Ratio Dependent_count^2 Total_Revolving_Bal,0.335489929
poly__Total_Ct_Chng_Q4_Q1 Total_Relationship_Count Total_Trans_Ct,0.334379979
poly__Contacts_Count_12_mon Total_Amt_Chng_Q4_Q1 Total_Relationship_Count Total_Trans_Ct,-0.332770657
poly__Dependent_count Total_Ct_Chng_Q4_Q1 Total_Trans_Amt,0.332606049
poly__Contacts_Count_12_mon^2 Total_Amt_Chng_Q4_Q1^2,0.33251616
poly__Avg_Utilization_Ratio Months_Inactive_12_mon Total_Amt_Chng_Q4_Q1 Total_Trans_Amt,0.33014642
poly__Avg_Utilization_Ratio Dependent_count Total_Revolving_Bal,0.32903398
poly__Avg_Utilization_Ratio Total_Ct_Chng_Q4_Q1^2 Total_Trans_Amt,0.328602312
poly__Avg_Utilization_Ratio Dependent_count Total_Amt_Chng_Q4_Q1 Total_Trans_Ct,-0.326659976
poly__Avg_Utilization_Ratio Months_Inactive_12_mon^2 Total_Relationship_Count,-0.326098473
poly__Contacts_Count_12_mon^3 Total_Relationship_Count,-0.325435102
poly__Avg_Utilization_Ratio Months_Inactive_12_mon Total_Revolving_Bal Total_Trans_Amt,0.325256964
poly__Dependent_count Months_Inactive_12_mon^2 Total_Relationship_Count,-0.3248746
poly__Dependent_count Total_Revolving_Bal Total_Trans_Amt^2,-0.324756363
poly__Contacts_Count_12_mon^2 Total_Trans_Ct,-0.324342688
poly__Contacts_Count_12_mon Total_Revolving_Bal Total_Trans_Ct,-0.323395673
poly__Avg_Utilization_Ratio Dependent_count Total_Amt_Chng_Q4_Q1 Total_Trans_Amt,-0.323027833
poly__Dependent_count Total_Amt_Chng_Q4_Q1^2 Total_Trans_Ct,-0.322684914
poly__Contacts_Count_12_mon Total_Ct_Chng_Q4_Q1 Total_Revolving_Bal,0.321790296
poly__Total_Amt_Chng_Q4_Q1 Total_Ct_Chng_Q4_Q1 Total_Trans_Amt,-0.321249274
poly__Total_Amt_Chng_Q4_Q1 Total_Revolving_Bal Total_Trans_Ct,0.321088349
poly__Avg_Utilization_Ratio Dependent_count^2 Total_Relationship_Count,-0.320216048
poly__Contacts_Count_12_mon Dependent_count Total_Trans_Ct^2,-0.320142317
poly__Contacts_Count_12_mon Total_Amt_Chng_Q4_Q1^2 Total_Trans_Amt,0.319628907
poly__Months_Inactive_12_mon^2 Total_Ct_Chng_Q4_Q1^2,-0.319172429
poly__Contacts_Count_12_mon Total_Ct_Chng_Q4_Q1^2 Total_Revolving_Bal,-0.318710962
poly__Contacts_Count_12_mon^2 Total_Ct_Chng_Q4_Q1 Total_Revolving_Bal,-0.318401278
poly__Contacts_Count_12_mon Dependent_count Months_Inactive_12_mon,0.317968752
poly__Avg_Utilization_Ratio Contacts_Count_12_mon Total_Revolving_Bal,0.317865745
poly__Dependent_count^2 Total_Amt_Chng_Q4_Q1 Total_Trans_Amt,0.317617505
poly__Contacts_Count_12_mon Months_Inactive_12_mon Total_Amt_Chng_Q4_Q1 Total_Ct_Chng_Q4_Q1,-0.317300201
poly__Contacts_Count_12_mon^2 Dependent_count,-0.31381964
poly__Avg_Utilization_Ratio Total_Relationship_Count,-0.311619204
poly__Avg_Utilization_Ratio Dependent_count Total_Trans_Amt,-0.309644619
poly__Total_Amt_Chng_Q4_Q1 Total_Ct_Chng_Q4_Q1 Total_Revolving_Bal^2,0.309525276
poly__Contacts_Count_12_mon Total_Amt_Chng_Q4_Q1^2 Total_Ct_Chng_Q4_Q1,-0.309108441
poly__Avg_Utilization_Ratio Total_Amt_Chng_Q4_Q1^2,-0.308364902
poly__Avg_Utilization_Ratio^3 Total_Revolving_Bal,-0.307629938
poly__Months_Inactive_12_mon^2 Total_Amt_Chng_Q4_Q1 Total_Trans_Ct,0.305230316
poly__Total_Ct_Chng_Q4_Q1^2 Total_Trans_Amt Total_Trans_Ct,0.304864358
poly__Contacts_Count_12_mon Total_Relationship_Count Total_Trans_Ct,0.30426667
poly__Avg_Utilization_Ratio Contacts_Count_12_mon Total_Ct_Chng_Q4_Q1 Total_Trans_Amt,-0.302730185
poly__Total_Amt_Chng_Q4_Q1 Total_Ct_Chng_Q4_Q1 Total_Trans_Amt Total_Trans_Ct,-0.302363098
poly__Contacts_Count_12_mon Total_Amt_Chng_Q4_Q1,-0.301017201
poly__Dependent_count Months_Inactive_12_mon Total_Amt_Chng_Q4_Q1 Total_Revolving_Bal,-0.301006903
poly__Avg_Utilization_Ratio Total_Amt_Chng_Q4_Q1 Total_Relationship_Count Total_Revolving_Bal,0.299074102
poly__Months_Inactive_12_mon Total_Amt_Chng_Q4_Q1^2 Total_Trans_Ct,0.299019824
poly__Avg_Utilization_Ratio Dependent_count^2 Total_Trans_Ct,-0.297246562
poly__Months_Inactive_12_mon Total_Ct_Chng_Q4_Q1 Total_Relationship_Count^2,0.296512471
poly__Months_Inactive_12_mon Total_Revolving_Bal^2 Total_Trans_Amt,0.294338605
poly__Avg_Utilization_Ratio Dependent_count,0.293309208
poly__Total_Ct_Chng_Q4_Q1 Total_Trans_Ct^2,0.292221561
poly__Avg_Utilization_Ratio Months_Inactive_12_mon^2 Total_Amt_Chng_Q4_Q1,0.29041823
poly__Avg_Utilization_Ratio Dependent_count Total_Trans_Amt^2,-0.29012866
poly__Avg_Utilization_Ratio Dependent_count^2 Total_Ct_Chng_Q4_Q1,0.290127448
poly__Avg_Utilization_Ratio Total_Amt_Chng_Q4_Q1^2 Total_Trans_Amt,-0.290063783
poly__Months_Inactive_12_mon Total_Revolving_Bal^2 Total_Trans_Ct,-0.289795557
poly__Contacts_Count_12_mon Months_Inactive_12_mon Total_Trans_Ct,-0.289792962
poly__Contacts_Count_12_mon Dependent_count Total_Ct_Chng_Q4_Q1^2,0.289107403
poly__Dependent_count Total_Amt_Chng_Q4_Q1 Total_Revolving_Bal Total_Trans_Amt,-0.288710681
poly__Months_Inactive_12_mon Total_Revolving_Bal Total_Trans_Amt,0.287962007
poly__Dependent_count^2 Months_Inactive_12_mon^2,-0.287950087
poly__Contacts_Count_12_mon^3 Total_Amt_Chng_Q4_Q1,0.286951237
poly__Months_Inactive_12_mon^2 Total_Amt_Chng_Q4_Q1,0.286912435
poly__Total_Amt_Chng_Q4_Q1 Total_Trans_Amt Total_Trans_Ct^2,-0.284321488
poly__Contacts_Count_12_mon Months_Inactive_12_mon Total_Revolving_Bal,0.283930775
poly__Total_Ct_Chng_Q4_Q1 Total_Relationship_Count Total_Trans_Amt,0.283351752
poly__Total_Revolving_Bal Total_Trans_Ct^2,0.282396147
poly__Contacts_Count_12_mon^2 Total_Relationship_Count Total_Trans_Ct,0.281902609
poly__Dependent_count Total_Relationship_Count,-0.28164735
poly__Dependent_count Months_Inactive_12_mon Total_Trans_Amt,0.281201713
poly__Contacts_Count_12_mon^2 Total_Revolving_Bal,-0.280115337
poly__Avg_Utilization_Ratio Months_Inactive_12_mon Total_Relationship_Count Total_Trans_Ct,-0.27985883
poly__Total_Ct_Chng_Q4_Q1^2 Total_Relationship_Count,-0.279363752
poly__Dependent_count Total_Trans_Ct^3,-0.27828644
poly__Total_Revolving_Bal Total_Trans_Amt Total_Trans_Ct^2,-0.277861522
poly__Contacts_Count_12_mon Months_Inactive_12_mon Total_Ct_Chng_Q4_Q1 Total_Trans_Amt,0.277854151
poly__Total_Revolving_Bal Total_Trans_Ct^3,-0.275711187
poly__Dependent_count^3 Total_Relationship_Count,0.275531711
poly__Months_Inactive_12_mon^3 Total_Trans_Amt,0.275389547
poly__Avg_Utilization_Ratio Dependent_count Total_Revolving_Bal^2,-0.275318484
poly__Contacts_Count_12_mon Months_Inactive_12_mon^2 Total_Ct_Chng_Q4_Q1,0.274640583
poly__Months_Inactive_12_mon^2 Total_Ct_Chng_Q4_Q1 Total_Revolving_Bal,0.274369385
poly__Contacts_Count_12_mon^2 Total_Ct_Chng_Q4_Q1 Total_Relationship_Count,-0.273611855
poly__Dependent_count^2 Total_Revolving_Bal Total_Trans_Ct,-0.273540407
poly__Avg_Utilization_Ratio Dependent_count Months_Inactive_12_mon^2,-0.273014621
poly__Avg_Utilization_Ratio Contacts_Count_12_mon Dependent_count^2,0.272942097
poly__Avg_Utilization_Ratio^3 Total_Trans_Amt,-0.271766674
poly__Total_Amt_Chng_Q4_Q1 Total_Relationship_Count Total_Trans_Ct,-0.271637991
poly__Months_Inactive_12_mon Total_Ct_Chng_Q4_Q1 Total_Trans_Amt Total_Trans_Ct,0.271028044
poly__Avg_Utilization_Ratio Total_Amt_Chng_Q4_Q1 Total_Trans_Ct,0.270768934
poly__Contacts_Count_12_mon Total_Amt_Chng_Q4_Q1 Total_Ct_Chng_Q4_Q1^2,-0.270571128
poly__Dependent_count^2 Total_Trans_Amt^2,0.270176404
poly__Total_Amt_Chng_Q4_Q1 Total_Ct_Chng_Q4_Q1 Total_Relationship_Count Total_Trans_Ct,-0.269958467
poly__Avg_Utilization_Ratio Contacts_Count_12_mon Total_Trans_Amt Total_Trans_Ct,-0.268321151
poly__Contacts_Count_12_mon^2 Dependent_count Total_Trans_Ct,0.268177134
poly__Total_Amt_Chng_Q4_Q1^2 Total_Relationship_Count Total_Trans_Ct,0.267586327
poly__Avg_Utilization_Ratio Months_Inactive_12_mon Total_Amt_Chng_Q4_Q1,0.267009032
poly__Avg_Utilization_Ratio^2 Contacts_Count_12_mon Dependent_count,-0.2668043
poly__Avg_Utilization_Ratio Months_Inactive_12_mon Total_Trans_Amt^2,-0.265391012
poly__Contacts_Count_12_mon Dependent_count Total_Relationship_Count^2,0.264943988
poly__Total_Amt_Chng_Q4_Q1 Total_Relationship_Count Total_Revolving_Bal Total_Trans_Amt,0.263797828
poly__Months_Inactive_12_mon,0.263738373
poly__Months_Inactive_12_mon Total_Amt_Chng_Q4_Q1 Total_Relationship_Count Total_Trans_Amt,0.262366989
poly__Dependent_count Total_Amt_Chng_Q4_Q1 Total_Relationship_Count,0.262312657
poly__Contacts_Count_12_mon Dependent_count Total_Relationship_Count Total_Revolving_Bal,-0.261933946
poly__Contacts_Count_12_mon Total_Revolving_Bal Total_Trans_Amt Total_Trans_Ct,-0.261863955
poly__Dependent_count Total_Trans_Amt Total_Trans_Ct^2,0.261762672
poly__Dependent_count Total_Amt_Chng_Q4_Q1 Total_Trans_Ct,0.261714541
poly__Dependent_count Months_Inactive_12_mon^2 Total_Revolving_Bal,-0.261356712
poly__Contacts_Count_12_mon^2 Total_Amt_Chng_Q4_Q1 Total_Trans_Amt,-0.260919503
poly__Total_Relationship_Count Total_Trans_Amt^2,0.260769234
poly__Contacts_Count_12_mon^2 Total_Trans_Amt,0.260373427
poly__Total_Relationship_Count Total_Revolving_Bal Total_Trans_Ct,0.258476161
poly__Total_Relationship_Count^2 Total_Trans_Amt Total_Trans_Ct,-0.256392666
poly__Contacts_Count_12_mon Dependent_count Total_Relationship_Count,-0.25624033
poly__Avg_Utilization_Ratio^4,0.255503273
poly__Months_Inactive_12_mon^2 Total_Revolving_Bal Total_Trans_Ct,0.255254655
poly__Total_Relationship_Count^2 Total_Revolving_Bal^2,0.253898833
poly__Avg_Utilization_Ratio Total_Ct_Chng_Q4_Q1^3,-0.253580064
poly__Contacts_Count_12_mon Total_Relationship_Count^2,0.253243879
poly__Contacts_Count_12_mon Total_Ct_Chng_Q4_Q1 Total_Trans_Amt,0.25190349
poly__Avg_Utilization_Ratio^2 Dependent_count Total_Ct_Chng_Q4_Q1,0.251607912
poly__Total_Amt_Chng_Q4_Q1 Total_Ct_Chng_Q4_Q1 Total_Trans_Ct,-0.251358948
poly__Avg_Utilization_Ratio Total_Amt_Chng_Q4_Q1 Total_Revolving_Bal,0.250705045
poly__Avg_Utilization_Ratio Contacts_Count_12_mon,0.250463015
poly__Dependent_count Total_Amt_Chng_Q4_Q1 Total_Trans_Amt Total_Trans_Ct,0.24985436
poly__Months_Inactive_12_mon Total_Relationship_Count Total_Revolving_Bal Total_Trans_Ct,-0.249510147
poly__Total_Amt_Chng_Q4_Q1^3 Total_Revolving_Bal,0.249505834
poly__Avg_Utilization_Ratio Total_Revolving_Bal Total_Trans_Ct^2,0.248793682
poly__Months_Inactive_12_mon Total_Amt_Chng_Q4_Q1,0.248658127
poly__Avg_Utilization_Ratio^2 Dependent_count Total_Trans_Ct,0.248299979
poly__Avg_Utilization_Ratio Contacts_Count_12_mon Months_Inactive_12_mon,0.248002942
poly__Dependent_count^2 Months_Inactive_12_mon Total_Relationship_Count,0.247736798
poly__Months_Inactive_12_mon Total_Trans_Amt^2,0.247439028
poly__Avg_Utilization_Ratio Dependent_count^2 Total_Amt_Chng_Q4_Q1,0.246798912
poly__Total_Ct_Chng_Q4_Q1 Total_Trans_Amt^2,0.245460722
poly__Dependent_count Total_Ct_Chng_Q4_Q1^2 Total_Relationship_Count,-0.245393094
poly__Months_Inactive_12_mon^2 Total_Amt_Chng_Q4_Q1 Total_Revolving_Bal,-0.245252643
poly__Contacts_Count_12_mon Months_Inactive_12_mon Total_Trans_Amt Total_Trans_Ct,-0.244957856
poly__Dependent_count^2 Total_Amt_Chng_Q4_Q1 Total_Trans_Ct,-0.24489453
poly__Avg_Utilization_Ratio Contacts_Count_12_mon Dependent_count Total_Trans_Amt,0.244621947
poly__Total_Revolving_Bal^2,0.244428332
poly__Dependent_count Total_Relationship_Count Total_Trans_Ct,0.243051824
poly__Contacts_Count_12_mon Total_Amt_Chng_Q4_Q1 Total_Ct_Chng_Q4_Q1 Total_Relationship_Count,-0.242530272
poly__Dependent_count Total_Amt_Chng_Q4_Q1 Total_Revolving_Bal Total_Trans_Ct,0.242491266
poly__Avg_Utilization_Ratio Total_Trans_Amt Total_Trans_Ct^2,0.24126015
poly__Contacts_Count_12_mon Dependent_count,0.239954791
poly__Months_Inactive_12_mon Total_Amt_Chng_Q4_Q1 Total_Revolving_Bal,-0.239348558
poly__Contacts_Count_12_mon Months_Inactive_12_mon^2 Total_Trans_Amt,-0.239290724
poly__Dependent_count Total_Ct_Chng_Q4_Q1 Total_Trans_Amt Total_Trans_Ct,0.239181196
poly__Avg_Utilization_Ratio Total_Trans_Amt^2,0.239037089
poly__Total_Amt_Chng_Q4_Q1 Total_Relationship_Count Total_Revolving_Bal Total_Trans_Ct,-0.23840176
poly__Contacts_Count_12_mon Dependent_count^2 Months_Inactive_12_mon,0.238179892
poly__Avg_Utilization_Ratio Total_Relationship_Count^3,-0.236775752
poly__Months_Inactive_12_mon^2 Total_Relationship_Count Total_Trans_Ct,-0.236523302
poly__Avg_Utilization_Ratio Total_Ct_Chng_Q4_Q1^2,-0.236071317
poly__Avg_Utilization_Ratio Contacts_Count_12_mon Total_Amt_Chng_Q4_Q1 Total_Revolving_Bal,-0.235773007
poly__Dependent_count Total_Amt_Chng_Q4_Q1 Total_Ct_Chng_Q4_Q1^2,-0.235515653
poly__Avg_Utilization_Ratio^2 Months_Inactive_12_mon Total_Ct_Chng_Q4_Q1,0.235154071
poly__Avg_Utilization_Ratio^2 Contacts_Count_12_mon Total_Ct_Chng_Q4_Q1,-0.235016851
poly__Contacts_Count_12_mon^2 Dependent_count Months_Inactive_12_mon,-0.234951604
poly__Avg_Utilization_Ratio^3 Contacts_Count_12_mon,0.232630679
poly__Contacts_Count_12_mon^2 Months_Inactive_12_mon Total_Ct_Chng_Q4_Q1,-0.232309355
poly__Months_Inactive_12_mon^2 Total_Amt_Chng_Q4_Q1 Total_Relationship_Count,0.231871457
poly__Avg_Utilization_Ratio Contacts_Count_12_mon Total_Relationship_Count Total_Trans_Ct,0.231555705
poly__Contacts_Count_12_mon^2 Months_Inactive_12_mon Total_Relationship_Count,-0.230147819
poly__Avg_Utilization_Ratio Months_Inactive_12_mon Total_Ct_Chng_Q4_Q1^2,0.23009394
poly__Months_Inactive_12_mon Total_Ct_Chng_Q4_Q1 Total_Relationship_Count Total_Trans_Amt,0.228963628
poly__Total_Relationship_Count Total_Revolving_Bal Total_Trans_Amt Total_Trans_Ct,0.228928603
poly__Months_Inactive_12_mon Total_Ct_Chng_Q4_Q1 Total_Revolving_Bal Total_Trans_Ct,0.228431078
poly__Dependent_count Total_Amt_Chng_Q4_Q1 Total_Ct_Chng_Q4_Q1 Total_Trans_Ct,0.228405634
poly__Contacts_Count_12_mon Total_Relationship_Count Total_Revolving_Bal Total_Trans_Ct,-0.227493397
poly__Avg_Utilization_Ratio Total_Revolving_Bal^2 Total_Trans_Ct,-0.227472129
poly__Total_Amt_Chng_Q4_Q1 Total_Trans_Ct^2,0.226840177
poly__Contacts_Count_12_mon Dependent_count Total_Amt_Chng_Q4_Q1 Total_Trans_Ct,0.226120411
poly__Contacts_Count_12_mon^2 Months_Inactive_12_mon Total_Trans_Ct,-0.224370572
poly__Avg_Utilization_Ratio Months_Inactive_12_mon^2 Total_Revolving_Bal,-0.223719319
poly__Dependent_count Total_Relationship_Count^2 Total_Trans_Ct,-0.223630019
poly__Avg_Utilization_Ratio Dependent_count Total_Relationship_Count Total_Trans_Ct,0.223235808
poly__Months_Inactive_12_mon Total_Amt_Chng_Q4_Q1 Total_Ct_Chng_Q4_Q1,-0.222247051
poly__Contacts_Count_12_mon Months_Inactive_12_mon Total_Revolving_Bal Total_Trans_Amt,-0.222147386
poly__Dependent_count Months_Inactive_12_mon Total_Amt_Chng_Q4_Q1 Total_Ct_Chng_Q4_Q1,-0.221014578
poly__Avg_Utilization_Ratio Contacts_Count_12_mon^3,0.220936244
poly__Total_Relationship_Count^2 Total_Revolving_Bal Total_Trans_Ct,-0.220821977
poly__Contacts_Count_12_mon Dependent_count Total_Ct_Chng_Q4_Q1 Total_Revolving_Bal,-0.219782794
poly__Total_Relationship_Count Total_Revolving_Bal Total_Trans_Amt,0.219657478
poly__Avg_Utilization_Ratio Contacts_Count_12_mon Total_Revolving_Bal Total_Trans_Amt,0.21960497
poly__Months_Inactive_12_mon^2 Total_Relationship_Count^2,-0.21917789
poly__Months_Inactive_12_mon Total_Amt_Chng_Q4_Q1 Total_Trans_Ct^2,0.218896937
poly__Total_Amt_Chng_Q4_Q1^2 Total_Relationship_Count^2,-0.218533827
poly__Total_Amt_Chng_Q4_Q1 Total_Relationship_Count^2 Total_Revolving_Bal,-0.217109375
poly__Months_Inactive_12_mon Total_Revolving_Bal,-0.216863941
poly__Contacts_Count_12_mon Dependent_count Months_Inactive_12_mon Total_Amt_Chng_Q4_Q1,-0.216329571
poly__Total_Revolving_Bal^2 Total_Trans_Amt Total_Trans_Ct,-0.216300229
poly__Dependent_count Total_Revolving_Bal,0.215777543
poly__Contacts_Count_12_mon Dependent_count Months_Inactive_12_mon Total_Trans_Amt,0.215555915
poly__Total_Relationship_Count Total_Revolving_Bal^2 Total_Trans_Ct,0.215022417
poly__Total_Ct_Chng_Q4_Q1 Total_Trans_Ct,0.214783165
poly__Dependent_count^2 Months_Inactive_12_mon Total_Trans_Amt,-0.214710909
poly__Months_Inactive_12_mon Total_Ct_Chng_Q4_Q1^2 Total_Revolving_Bal,0.214329359
poly__Total_Ct_Chng_Q4_Q1^2 Total_Relationship_Count^2,-0.214287762
poly__Dependent_count^2 Total_Ct_Chng_Q4_Q1^2,0.212852024
poly__Months_Inactive_12_mon^4,-0.212442561
poly__Contacts_Count_12_mon Months_Inactive_12_mon Total_Relationship_Count Total_Trans_Ct,0.211665845
poly__Avg_Utilization_Ratio Contacts_Count_12_mon Total_Trans_Amt^2,0.211566757
poly__Total_Amt_Chng_Q4_Q1 Total_Trans_Amt^2,-0.211533375
poly__Total_Ct_Chng_Q4_Q1 Total_Relationship_Count Total_Trans_Amt^2,0.209850959
poly__Dependent_count Months_Inactive_12_mon Total_Ct_Chng_Q4_Q1,-0.209383413
poly__Avg_Utilization_Ratio Total_Ct_Chng_Q4_Q1 Total_Relationship_Count,0.207721387
poly__Dependent_count Total_Relationship_Count^3,-0.207295961
poly__Contacts_Count_12_mon Months_Inactive_12_mon Total_Amt_Chng_Q4_Q1^2,0.207023081
poly__Avg_Utilization_Ratio Dependent_count Total_Ct_Chng_Q4_Q1 Total_Trans_Amt,-0.206407489
poly__Total_Ct_Chng_Q4_Q1 Total_Relationship_Count^2 Total_Trans_Amt,0.206021159
poly__Avg_Utilization_Ratio^2 Total_Relationship_Count,-0.205055277
poly__Total_Relationship_Count Total_Trans_Amt^2 Total_Trans_Ct,0.204543443
poly__Avg_Utilization_Ratio Months_Inactive_12_mon Total_Revolving_Bal,0.204422701
poly__Dependent_count Total_Relationship_Count Total_Trans_Amt^2,0.204207766
poly__Contacts_Count_12_mon Total_Relationship_Count^2 Total_Trans_Ct,-0.20420386
poly__Total_Amt_Chng_Q4_Q1 Total_Ct_Chng_Q4_Q1 Total_Relationship_Count^2,0.203016445
poly__Dependent_count^2 Months_Inactive_12_mon Total_Ct_Chng_Q4_Q1,0.202522094
poly__Total_Ct_Chng_Q4_Q1 Total_Revolving_Bal,0.202218313
poly__Months_Inactive_12_mon Total_Amt_Chng_Q4_Q1 Total_Trans_Ct,0.200472139
poly__Avg_Utilization_Ratio Months_Inactive_12_mon Total_Trans_Ct,-0.200090465
poly__Months_Inactive_12_mon Total_Relationship_Count^2 Total_Trans_Amt,-0.198126605
poly__Total_Ct_Chng_Q4_Q1^3 Total_Trans_Amt,-0.197138679
poly__Months_Inactive_12_mon Total_Ct_Chng_Q4_Q1^2,-0.196967099
poly__Contacts_Count_12_mon Dependent_count Total_Trans_Amt Total_Trans_Ct,-0.196604893
poly__Months_Inactive_12_mon^2 Total_Trans_Ct^2,-0.195918462
poly__Dependent_count Total_Amt_Chng_Q4_Q1 Total_Relationship_Count Total_Trans_Amt,0.195749318
poly__Dependent_count Months_Inactive_12_mon Total_Amt_Chng_Q4_Q1 Total_Relationship_Count,0.195434426
poly__Avg_Utilization_Ratio Total_Amt_Chng_Q4_Q1 Total_Ct_Chng_Q4_Q1,-0.195334268
poly__Months_Inactive_12_mon Total_Amt_Chng_Q4_Q1^2 Total_Revolving_Bal,-0.194316824
poly__Contacts_Count_12_mon Total_Trans_Amt,0.193040899
poly__Avg_Utilization_Ratio Dependent_count^3,-0.193020657
poly__Contacts_Count_12_mon Months_Inactive_12_mon Total_Ct_Chng_Q4_Q1^2,-0.192268384
poly__Months_Inactive_12_mon Total_Ct_Chng_Q4_Q1 Total_Trans_Amt,0.19224516
poly__Months_Inactive_12_mon Total_Relationship_Count Total_Revolving_Bal^2,-0.192059227
poly__Avg_Utilization_Ratio Months_Inactive_12_mon Total_Amt_Chng_Q4_Q1 Total_Relationship_Count,0.192054032
poly__Avg_Utilization_Ratio Contacts_Count_12_mon^2 Total_Ct_Chng_Q4_Q1,-0.191834116
poly__Contacts_Count_12_mon Dependent_count Total_Ct_Chng_Q4_Q1 Total_Trans_Amt,0.191808629
poly__Avg_Utilization_Ratio Total_Revolving_Bal Total_Trans_Ct,0.190699367
poly__Avg_Utilization_Ratio Contacts_Count_12_mon Total_Amt_Chng_Q4_Q1^2,0.189853478
poly__Dependent_count^2 Months_Inactive_12_mon Total_Trans_Ct,-0.189698278
poly__Total_Ct_Chng_Q4_Q1 Total_Relationship_Count^2 Total_Trans_Ct,0.188691511
poly__Dependent_count Total_Ct_Chng_Q4_Q1 Total_Relationship_Count^2,-0.188275713
poly__Total_Relationship_Count^3,0.187328724
poly__Total_Ct_Chng_Q4_Q1 Total_Relationship_Count^3,0.187111319
poly__Avg_Utilization_Ratio^2 Total_Revolving_Bal Total_Trans_Amt,0.187070014
poly__Contacts_Count_12_mon^2 Months_Inactive_12_mon Total_Revolving_Bal,0.186813922
poly__Avg_Utilization_Ratio Contacts_Count_12_mon^2 Total_Relationship_Count,-0.186484792
poly__Total_Ct_Chng_Q4_Q1^2 Total_Relationship_Count Total_Trans_Ct,-0.186025757
poly__Months_Inactive_12_mon Total_Relationship_Count Total_Trans_Amt^2,0.185845525
poly__Dependent_count^4,0.185234474
poly__Avg_Utilization_Ratio Months_Inactive_12_mon Total_Relationship_Count Total_Trans_Amt,-0.184521857
poly__Months_Inactive_12_mon Total_Amt_Chng_Q4_Q1 Total_Relationship_Count Total_Revolving_Bal,-0.184375186
poly__Dependent_count Months_Inactive_12_mon Total_Relationship_Count,0.184336283
poly__Avg_Utilization_Ratio Contacts_Count_12_mon Dependent_count Total_Trans_Ct,0.184115955
poly__Contacts_Count_12_mon Total_Relationship_Count Total_Trans_Ct^2,-0.183928514
poly__Avg_Utilization_Ratio^2 Months_Inactive_12_mon Total_Revolving_Bal,-0.182579228
poly__Dependent_count Total_Amt_Chng_Q4_Q1 Total_Relationship_Count^2,0.181905422
poly__Avg_Utilization_Ratio Dependent_count^2 Total_Trans_Amt,0.181518286
poly__Total_Amt_Chng_Q4_Q1 Total_Relationship_Count Total_Revolving_Bal,0.181487936
poly__Months_Inactive_12_mon Total_Amt_Chng_Q4_Q1^2,0.181265406
poly__Total_Amt_Chng_Q4_Q1 Total_Relationship_Count^3,0.179876475
poly__Months_Inactive_12_mon^3 Total_Amt_Chng_Q4_Q1,0.179847126
poly__Contacts_Count_12_mon Total_Relationship_Count^2 Total_Trans_Amt,-0.17829673
poly__Contacts_Count_12_mon^2 Total_Revolving_Bal Total_Trans_Amt,-0.178018344
poly__Dependent_count Months_Inactive_12_mon Total_Ct_Chng_Q4_Q1 Total_Trans_Ct,0.17794809
poly__Dependent_count^2 Total_Trans_Amt,0.177906882
remainder__Marital_Status,0.177485391
poly__Contacts_Count_12_mon^3 Months_Inactive_12_mon,0.177245809
poly__Total_Amt_Chng_Q4_Q1 Total_Ct_Chng_Q4_Q1 Total_Relationship_Count Total_Trans_Amt,-0.176781536
poly__Months_Inactive_12_mon Total_Ct_Chng_Q4_Q1 Total_Relationship_Count Total_Trans_Ct,0.176541096
poly__Total_Relationship_Count Total_Trans_Amt Total_Trans_Ct,-0.175710414
poly__Avg_Utilization_Ratio Contacts_Count_12_mon Total_Ct_Chng_Q4_Q1,0.175599761
poly__Months_Inactive_12_mon^2 Total_Revolving_Bal Total_Trans_Amt,0.174368105
poly__Dependent_count Months_Inactive_12_mon Total_Relationship_Count^2,0.174138144
poly__Contacts_Count_12_mon^2 Total_Trans_Amt Total_Trans_Ct,0.173789673
poly__Total_Ct_Chng_Q4_Q1^2 Total_Revolving_Bal Total_Trans_Ct,0.173488005
poly__Total_Revolving_Bal^2 Total_Trans_Ct^2,-0.172927711
poly__Avg_Utilization_Ratio Contacts_Count_12_mon Dependent_count Total_Amt_Chng_Q4_Q1,-0.171182035
poly__Avg_Utilization_Ratio Total_Amt_Chng_Q4_Q1^2 Total_Trans_Ct,0.171176165
poly__Total_Relationship_Count^2,0.170217702
poly__Avg_Utilization_Ratio Dependent_count Months_Inactive_12_mon,0.169314914
poly__Avg_Utilization_Ratio Months_Inactive_12_mon Total_Ct_Chng_Q4_Q1 Total_Revolving_Bal,0.16891127
poly__Dependent_count^2 Total_Trans_Ct,-0.168540587
poly__Months_Inactive_12_mon^2 Total_Trans_Amt^2,0.167853275
poly__Months_Inactive_12_mon^2 Total_Ct_Chng_Q4_Q1,-0.167590362
poly__Dependent_count Months_Inactive_12_mon Total_Amt_Chng_Q4_Q1 Total_Trans_Amt,-0.167501808
poly__Contacts_Count_12_mon^2 Total_Relationship_Count Total_Trans_Amt,0.166926914
poly__Contacts_Count_12_mon Dependent_count^2 Total_Trans_Ct,-0.166716503
poly__Avg_Utilization_Ratio Dependent_count^2,-0.16547515
poly__Contacts_Count_12_mon Dependent_count^2,-0.165252984
poly__Contacts_Count_12_mon Months_Inactive_12_mon^2 Total_Revolving_Bal,-0.165226568
poly__Months_Inactive_12_mon Total_Ct_Chng_Q4_Q1 Total_Relationship_Count Total_Revolving_Bal,0.165172074
poly__Contacts_Count_12_mon Total_Amt_Chng_Q4_Q1 Total_Revolving_Bal^2,-0.164656133
poly__Avg_Utilization_Ratio Months_Inactive_12_mon Total_Revolving_Bal Total_Trans_Ct,-0.164601088
poly__Total_Amt_Chng_Q4_Q1 Total_Relationship_Count Total_Trans_Amt^2,0.164446237
poly__Contacts_Count_12_mon^2 Months_Inactive_12_mon Total_Amt_Chng_Q4_Q1,0.164246574
poly__Contacts_Count_12_mon Dependent_count Total_Revolving_Bal Total_Trans_Ct,-0.164195401
poly__Dependent_count^2 Total_Ct_Chng_Q4_Q1 Total_Relationship_Count,-0.163947455
poly__Total_Amt_Chng_Q4_Q1^2 Total_Ct_Chng_Q4_Q1 Total_Relationship_Count,-0.163614962
poly__Contacts_Count_12_mon Total_Ct_Chng_Q4_Q1 Total_Revolving_Bal^2,-0.162994451
poly__Contacts_Count_12_mon Total_Ct_Chng_Q4_Q1^3,0.162452279
poly__Contacts_Count_12_mon Dependent_count^2 Total_Amt_Chng_Q4_Q1,0.160836172
poly__Avg_Utilization_Ratio Dependent_count Total_Trans_Ct^2,-0.16080984
poly__Avg_Utilization_Ratio Contacts_Count_12_mon^2 Total_Revolving_Bal,0.160196873
poly__Avg_Utilization_Ratio Total_Amt_Chng_Q4_Q1 Total_Ct_Chng_Q4_Q1 Total_Trans_Amt,-0.160187367
poly__Avg_Utilization_Ratio Months_Inactive_12_mon Total_Trans_Ct^2,-0.160166657
poly__Avg_Utilization_Ratio Contacts_Count_12_mon Total_Amt_Chng_Q4_Q1 Total_Trans_Amt,-0.159007488
poly__Dependent_count Total_Ct_Chng_Q4_Q1^2,0.158614706
poly__Avg_Utilization_Ratio^3 Months_Inactive_12_mon,0.15824411
poly__Avg_Utilization_Ratio Total_Relationship_Count^2,-0.157785051
poly__Contacts_Count_12_mon Dependent_count Total_Revolving_Bal Total_Trans_Amt,0.1574809
poly__Dependent_count^2 Total_Relationship_Count^2,-0.157404187
poly__Dependent_count^2 Months_Inactive_12_mon Total_Revolving_Bal,0.157372258
poly__Dependent_count^2 Total_Ct_Chng_Q4_Q1 Total_Revolving_Bal,-0.157146118
poly__Dependent_count^2 Total_Trans_Amt Total_Trans_Ct,-0.156940564
poly__Contacts_Count_12_mon Months_Inactive_12_mon Total_Relationship_Count Total_Trans_Amt,0.156934043
poly__Contacts_Count_12_mon Total_Ct_Chng_Q4_Q1 Total_Revolving_Bal Total_Trans_Amt,-0.156768566
poly__Contacts_Count_12_mon Months_Inactive_12_mon Total_Ct_Chng_Q4_Q1 Total_Relationship_Count,0.156204281
poly__Dependent_count Total_Ct_Chng_Q4_Q1 Total_Trans_Ct^2,0.156144769
poly__Total_Amt_Chng_Q4_Q1 Total_Revolving_Bal Total_Trans_Amt Total_Trans_Ct,0.155020472
poly__Avg_Utilization_Ratio^2 Total_Amt_Chng_Q4_Q1 Total_Trans_Ct,-0.155019933
poly__Avg_Utilization_Ratio Dependent_count^2 Months_Inactive_12_mon,-0.154561403
poly__Total_Ct_Chng_Q4_Q1,-0.154404127
poly__Dependent_count Months_Inactive_12_mon Total_Relationship_Count Total_Revolving_Bal,0.154357073
poly__Contacts_Count_12_mon^3 Total_Trans_Amt,0.154101654
poly__Dependent_count^3 Total_Trans_Ct,0.152096511
poly__Total_Relationship_Count Total_Trans_Ct,-0.151781836
poly__Contacts_Count_12_mon^2 Dependent_count Total_Amt_Chng_Q4_Q1,0.151680988
poly__Total_Revolving_Bal Total_Trans_Amt^2 Total_Trans_Ct,0.151621422
poly__Months_Inactive_12_mon Total_Relationship_Count^3,0.150847094
poly__Dependent_count Months_Inactive_12_mon Total_Ct_Chng_Q4_Q1^2,0.150813794
poly__Avg_Utilization_Ratio Total_Trans_Amt,-0.150542788
poly__Total_Amt_Chng_Q4_Q1 Total_Revolving_Bal Total_Trans_Amt^2,-0.150344381
poly__Avg_Utilization_Ratio Total_Amt_Chng_Q4_Q1 Total_Trans_Amt,0.150032996
poly__Dependent_count^3 Months_Inactive_12_mon,0.149843666
poly__Avg_Utilization_Ratio^2 Total_Amt_Chng_Q4_Q1,-0.149760626
poly__Dependent_count Total_Amt_Chng_Q4_Q1 Total_Ct_Chng_Q4_Q1 Total_Relationship_Count,0.148872177
poly__Contacts_Count_12_mon Months_Inactive_12_mon,0.147402439
poly__Dependent_count^3 Total_Ct_Chng_Q4_Q1,-0.147144944
poly__Avg_Utilization_Ratio Dependent_count Months_Inactive_12_mon Total_Revolving_Bal,0.146889184
poly__Avg_Utilization_Ratio^2 Contacts_Count_12_mon Total_Revolving_Bal,-0.146087456
poly__Contacts_Count_12_mon Months_Inactive_12_mon Total_Amt_Chng_Q4_Q1 Total_Relationship_Count,-0.145382759
poly__Months_Inactive_12_mon Total_Ct_Chng_Q4_Q1 Total_Relationship_Count,-0.145371177
poly__Total_Amt_Chng_Q4_Q1 Total_Ct_Chng_Q4_Q1^2 Total_Revolving_Bal,-0.145085688
poly__Contacts_Count_12_mon Total_Revolving_Bal^2 Total_Trans_Ct,-0.144962672
poly__Total_Amt_Chng_Q4_Q1^2 Total_Revolving_Bal Total_Trans_Ct,0.144726288
poly__Avg_Utilization_Ratio Total_Amt_Chng_Q4_Q1 Total_Relationship_Count^2,0.144067885
poly__Avg_Utilization_Ratio Total_Ct_Chng_Q4_Q1^2 Total_Trans_Ct,-0.143976442
poly__Total_Amt_Chng_Q4_Q1 Total_Ct_Chng_Q4_Q1^2 Total_Relationship_Count,-0.143923966
poly__Avg_Utilization_Ratio^2 Total_Trans_Ct^2,-0.14383625
poly__Months_Inactive_12_mon Total_Amt_Chng_Q4_Q1 Total_Trans_Amt^2,-0.143687875
poly__Avg_Utilization_Ratio Total_Ct_Chng_Q4_Q1 Total_Revolving_Bal^2,-0.143440728
poly__Total_Relationship_Count Total_Revolving_Bal Total_Trans_Amt^2,0.142932818
poly__Months_Inactive_12_mon Total_Amt_Chng_Q4_Q1^2 Total_Relationship_Count,-0.142694072
poly__Contacts_Count_12_mon Months_Inactive_12_mon Total_Trans_Amt^2,0.142542607
poly__Avg_Utilization_Ratio^2 Total_Ct_Chng_Q4_Q1 Total_Trans_Amt,0.141832433
poly__Contacts_Count_12_mon Months_Inactive_12_mon Total_Trans_Amt,0.141476776
poly__Avg_Utilization_Ratio Contacts_Count_12_mon Dependent_count Total_Revolving_Bal,-0.141442995
poly__Contacts_Count_12_mon Total_Amt_Chng_Q4_Q1 Total_Trans_Ct^2,-0.140565214
poly__Avg_Utilization_Ratio Contacts_Count_12_mon Total_Ct_Chng_Q4_Q1^2,-0.140423356
poly__Dependent_count Total_Ct_Chng_Q4_Q1^2 Total_Trans_Amt,0.139981759
poly__Contacts_Count_12_mon Dependent_count Months_Inactive_12_mon^2,-0.139425988
poly__Avg_Utilization_Ratio Dependent_count Total_Relationship_Count^2,0.138702626
poly__Contacts_Count_12_mon Dependent_count Total_Amt_Chng_Q4_Q1 Total_Trans_Amt,0.138602504
poly__Total_Ct_Chng_Q4_Q1 Total_Trans_Amt,0.137893316
poly__Total_Ct_Chng_Q4_Q1^2,-0.13751446
poly__Total_Ct_Chng_Q4_Q1^2 Total_Relationship_Count Total_Revolving_Bal,0.137270081
poly__Avg_Utilization_Ratio Total_Relationship_Count Total_Revolving_Bal^2,-0.137128391
poly__Avg_Utilization_Ratio Total_Amt_Chng_Q4_Q1^2 Total_Ct_Chng_Q4_Q1,-0.137067468
poly__Dependent_count^2 Total_Revolving_Bal Total_Trans_Amt,-0.136331823
poly__Contacts_Count_12_mon Dependent_count Total_Amt_Chng_Q4_Q1 Total_Ct_Chng_Q4_Q1,-0.135807137
poly__Contacts_Count_12_mon Months_Inactive_12_mon Total_Relationship_Count,-0.134903219
poly__Total_Revolving_Bal^2 Total_Trans_Amt,0.134650971
poly__Avg_Utilization_Ratio^2 Dependent_count Total_Trans_Amt,0.134550694
poly__Dependent_count^2 Total_Amt_Chng_Q4_Q1 Total_Revolving_Bal,0.134422606
poly__Avg_Utilization_Ratio Total_Ct_Chng_Q4_Q1 Total_Trans_Ct,0.134421587
poly__Avg_Utilization_Ratio Months_Inactive_12_mon Total_Revolving_Bal^2,0.134129737
poly__Contacts_Count_12_mon Dependent_count Total_Trans_Ct,-0.134107256
poly__Months_Inactive_12_mon Total_Revolving_Bal^3,0.134069651
poly__Total_Amt_Chng_Q4_Q1^2 Total_Ct_Chng_Q4_Q1 Total_Trans_Ct,0.133740074
poly__Months_Inactive_12_mon^3,0.13325815
poly__Contacts_Count_12_mon Dependent_count Total_Ct_Chng_Q4_Q1 Total_Trans_Ct,0.133180319
poly__Total_Amt_Chng_Q4_Q1^2 Total_Ct_Chng_Q4_Q1^2,0.132381846
poly__Total_Amt_Chng_Q4_Q1^2 Total_Ct_Chng_Q4_Q1 Total_Trans_Amt,0.131667678
poly__Total_Ct_Chng_Q4_Q1 Total_Revolving_Bal Total_Trans_Amt Total_Trans_Ct,-0.131321466
poly__Total_Ct_Chng_Q4_Q1 Total_Revolving_Bal^2 Total_Trans_Amt,-0.13065389
poly__Avg_Utilization_Ratio^2 Total_Ct_Chng_Q4_Q1^2,0.130523287
poly__Avg_Utilization_Ratio Months_Inactive_12_mon Total_Relationship_Count,-0.130501809
remainder__Education_Level,0.130286683
poly__Avg_Utilization_Ratio Months_Inactive_12_mon Total_Trans_Amt,-0.129377611
poly__Dependent_count^2 Total_Revolving_Bal^2,0.128837592
poly__Avg_Utilization_Ratio^2 Dependent_count^2,-0.128654004
poly__Total_Ct_Chng_Q4_Q1^3 Total_Trans_Ct,-0.128558504
poly__Avg_Utilization_Ratio^2 Total_Revolving_Bal Total_Trans_Ct,-0.128491189
poly__Total_Amt_Chng_Q4_Q1 Total_Ct_Chng_Q4_Q1^2 Total_Trans_Ct,0.127874835
poly__Avg_Utilization_Ratio Months_Inactive_12_mon^2,-0.127379949
poly__Contacts_Count_12_mon^3 Total_Ct_Chng_Q4_Q1,0.127173365
poly__Total_Relationship_Count^2 Total_Trans_Ct^2,0.127011924
poly__Avg_Utilization_Ratio Contacts_Count_12_mon Total_Amt_Chng_Q4_Q1 Total_Ct_Chng_Q4_Q1,0.126976839
poly__Total_Ct_Chng_Q4_Q1 Total_Revolving_Bal Total_Trans_Amt^2,-0.126819679
poly__Contacts_Count_12_mon^2 Total_Ct_Chng_Q4_Q1,0.126446739
poly__Total_Ct_Chng_Q4_Q1 Total_Revolving_Bal^2 Total_Trans_Ct,0.126216111
poly__Months_Inactive_12_mon Total_Amt_Chng_Q4_Q1 Total_Ct_Chng_Q4_Q1 Total_Revolving_Bal,-0.124779127
poly__Months_Inactive_12_mon^2 Total_Ct_Chng_Q4_Q1 Total_Trans_Amt,-0.124765532
poly__Avg_Utilization_Ratio Total_Relationship_Count Total_Revolving_Bal Total_Trans_Amt,-0.124370003
poly__Avg_Utilization_Ratio Dependent_count Months_Inactive_12_mon Total_Relationship_Count,-0.123183105
poly__Total_Amt_Chng_Q4_Q1 Total_Relationship_Count Total_Trans_Ct^2,0.123135736
poly__Avg_Utilization_Ratio Dependent_count Total_Ct_Chng_Q4_Q1 Total_Trans_Ct,0.122122799
poly__Avg_Utilization_Ratio^2 Months_Inactive_12_mon,-0.122052613
poly__Avg_Utilization_Ratio^2 Total_Ct_Chng_Q4_Q1 Total_Revolving_Bal,0.121290113
poly__Months_Inactive_12_mon Total_Trans_Amt^2 Total_Trans_Ct,0.120492878
poly__Avg_Utilization_Ratio^3,-0.120458312
poly__Total_Amt_Chng_Q4_Q1 Total_Revolving_Bal^3,0.12012178
poly__Avg_Utilization_Ratio Dependent_count Total_Relationship_Count,0.119878042
poly__Avg_Utilization_Ratio^2 Total_Ct_Chng_Q4_Q1 Total_Relationship_Count,0.119824668
poly__Months_Inactive_12_mon Total_Trans_Amt Total_Trans_Ct,-0.119334745
poly__Dependent_count^2 Total_Amt_Chng_Q4_Q1,0.118547129
poly__Avg_Utilization_Ratio Months_Inactive_12_mon^2 Total_Trans_Amt,-0.116951884
poly__Dependent_count Total_Relationship_Count Total_Trans_Amt Total_Trans_Ct,-0.115931751
poly__Months_Inactive_12_mon Total_Ct_Chng_Q4_Q1^3,0.115143722
poly__Dependent_count Months_Inactive_12_mon Total_Amt_Chng_Q4_Q1^2,0.114947339
poly__Total_Amt_Chng_Q4_Q1 Total_Ct_Chng_Q4_Q1^2,-0.114060686
poly__Avg_Utilization_Ratio^3 Dependent_count,0.113275013
poly__Total_Relationship_Count Total_Revolving_Bal^2,0.112981312
poly__Dependent_count Total_Revolving_Bal Total_Trans_Ct^2,0.112505601
poly__Total_Trans_Ct^3,0.111969855
poly__Total_Ct_Chng_Q4_Q1 Total_Relationship_Count Total_Revolving_Bal Total_Trans_Ct,0.111242165
poly__Total_Revolving_Bal Total_Trans_Amt,-0.110146153
poly__Avg_Utilization_Ratio^2 Contacts_Count_12_mon Total_Amt_Chng_Q4_Q1,-0.109714641
poly__Avg_Utilization_Ratio Dependent_count Total_Amt_Chng_Q4_Q1,0.109606992
poly__Avg_Utilization_Ratio^2 Total_Amt_Chng_Q4_Q1^2,0.109293535
poly__Total_Amt_Chng_Q4_Q1 Total_Ct_Chng_Q4_Q1,-0.109123228
poly__Dependent_count Months_Inactive_12_mon^2 Total_Amt_Chng_Q4_Q1,-0.109061172
poly__Avg_Utilization_Ratio^2 Total_Ct_Chng_Q4_Q1,-0.10864531
poly__Total_Revolving_Bal Total_Trans_Amt Total_Trans_Ct,-0.107912661
poly__Dependent_count^2 Total_Amt_Chng_Q4_Q1 Total_Relationship_Count,0.10773676
poly__Total_Amt_Chng_Q4_Q1 Total_Ct_Chng_Q4_Q1 Total_Trans_Ct^2,-0.107379327
poly__Avg_Utilization_Ratio Contacts_Count_12_mon^2 Months_Inactive_12_mon,0.107103365
poly__Contacts_Count_12_mon Dependent_count^2 Total_Relationship_Count,-0.106624861
poly__Total_Amt_Chng_Q4_Q1 Total_Trans_Ct,0.105509978
poly__Contacts_Count_12_mon Total_Amt_Chng_Q4_Q1 Total_Revolving_Bal Total_Trans_Ct,-0.105475878
poly__Avg_Utilization_Ratio Contacts_Count_12_mon Total_Ct_Chng_Q4_Q1 Total_Relationship_Count,0.105436978
poly__Dependent_count Total_Revolving_Bal^3,0.104784668
poly__Avg_Utilization_Ratio^2 Total_Trans_Ct,-0.104369142
poly__Dependent_count Total_Trans_Ct^2,-0.103893027
poly__Dependent_count Months_Inactive_12_mon Total_Relationship_Count Total_Trans_Ct,0.103821349
poly__Contacts_Count_12_mon Total_Amt_Chng_Q4_Q1 Total_Relationship_Count Total_Trans_Amt,-0.103598683
poly__Total_Ct_Chng_Q4_Q1^3,0.10343437
poly__Dependent_count^2 Total_Ct_Chng_Q4_Q1,-0.103130897
poly__Dependent_count^2 Total_Revolving_Bal,0.103060053
poly__Total_Amt_Chng_Q4_Q1 Total_Ct_Chng_Q4_Q1^2 Total_Trans_Amt,0.103018007
poly__Avg_Utilization_Ratio Total_Relationship_Count Total_Trans_Amt,-0.1023278
poly__Avg_Utilization_Ratio Dependent_count Total_Amt_Chng_Q4_Q1 Total_Revolving_Bal,-0.101317736
poly__Contacts_Count_12_mon Months_Inactive_12_mon^3,0.100345547
poly__Dependent_count Total_Amt_Chng_Q4_Q1 Total_Ct_Chng_Q4_Q1 Total_Revolving_Bal,-0.100296956
poly__Avg_Utilization_Ratio^2 Months_Inactive_12_mon Total_Amt_Chng_Q4_Q1,0.09995953
poly__Contacts_Count_12_mon^2 Dependent_count Total_Revolving_Bal,0.099934551
poly__Months_Inactive_12_mon^3 Total_Trans_Ct,-0.099777898
poly__Avg_Utilization_Ratio Contacts_Count_12_mon Months_Inactive_12_mon Total_Trans_Ct,-0.099545676
poly__Dependent_count Months_Inactive_12_mon Total_Trans_Ct^2,-0.099193369
poly__Contacts_Count_12_mon Total_Amt_Chng_Q4_Q1 Total_Trans_Ct,0.099086529
poly__Months_Inactive_12_mon^3 Total_Ct_Chng_Q4_Q1,-0.09872404
poly__Avg_Utilization_Ratio Total_Amt_Chng_Q4_Q1 Total_Relationship_Count Total_Trans_Ct,-0.09870525
poly__Dependent_count Total_Amt_Chng_Q4_Q1 Total_Revolving_Bal^2,-0.09861283
poly__Contacts_Count_12_mon Total_Ct_Chng_Q4_Q1 Total_Relationship_Count Total_Trans_Amt,0.097861579
poly__Avg_Utilization_Ratio Months_Inactive_12_mon Total_Ct_Chng_Q4_Q1 Total_Trans_Ct,0.097731474
poly__Avg_Utilization_Ratio Contacts_Count_12_mon Total_Amt_Chng_Q4_Q1,0.097602916
poly__Total_Ct_Chng_Q4_Q1^2 Total_Trans_Ct,-0.097359925
poly__Contacts_Count_12_mon^2 Total_Amt_Chng_Q4_Q1,-0.0967112
poly__Avg_Utilization_Ratio Months_Inactive_12_mon Total_Relationship_Count Total_Revolving_Bal,0.096496661
poly__Contacts_Count_12_mon Months_Inactive_12_mon Total_Amt_Chng_Q4_Q1 Total_Revolving_Bal,0.096468181
poly__Avg_Utilization_Ratio Total_Revolving_Bal^3,-0.096320364
poly__Avg_Utilization_Ratio,-0.096218063
poly__Avg_Utilization_Ratio Total_Trans_Amt Total_Trans_Ct,-0.095923756
poly__Contacts_Count_12_mon Total_Ct_Chng_Q4_Q1 Total_Relationship_Count Total_Trans_Ct,0.095635233
poly__Contacts_Count_12_mon^2 Dependent_count Total_Ct_Chng_Q4_Q1,-0.094827268
poly__Dependent_count Months_Inactive_12_mon Total_Relationship_Count Total_Trans_Amt,0.094715296
poly__Contacts_Count_12_mon^2 Total_Revolving_Bal Total_Trans_Ct,-0.094695472
poly__Months_Inactive_12_mon Total_Relationship_Count Total_Revolving_Bal Total_Trans_Amt,0.094377343
poly__Months_Inactive_12_mon Total_Trans_Ct^3,0.094279974
poly__Contacts_Count_12_mon Total_Ct_Chng_Q4_Q1^2,0.09411245
poly__Dependent_count Total_Amt_Chng_Q4_Q1^2 Total_Ct_Chng_Q4_Q1,-0.093741781
poly__Dependent_count Total_Revolving_Bal Total_Trans_Ct,-0.09289552
poly__Dependent_count Total_Amt_Chng_Q4_Q1^2 Total_Revolving_Bal,-0.092829182
poly__Avg_Utilization_Ratio^2 Dependent_count,-0.092720749
poly__Total_Amt_Chng_Q4_Q1^2 Total_Relationship_Count,-0.092423706
poly__Dependent_count Total_Relationship_Count Total_Revolving_Bal,0.09241898
poly__Total_Ct_Chng_Q4_Q1^2 Total_Revolving_Bal Total_Trans_Amt,0.092396166
poly__Total_Amt_Chng_Q4_Q1^2 Total_Ct_Chng_Q4_Q1,-0.092112597
poly__Contacts_Count_12_mon Total_Ct_Chng_Q4_Q1 Total_Relationship_Count Total_Revolving_Bal,0.091327454
poly__Avg_Utilization_Ratio Total_Amt_Chng_Q4_Q1 Total_Revolving_Bal^2,-0.091184169
poly__Total_Amt_Chng_Q4_Q1^2 Total_Revolving_Bal^2,0.090805023
poly__Avg_Utilization_Ratio Contacts_Count_12_mon Total_Relationship_Count Total_Revolving_Bal,-0.090409899
poly__Avg_Utilization_Ratio Total_Revolving_Bal,0.089520352
poly__Months_Inactive_12_mon^2 Total_Trans_Amt,0.089064305
poly__Dependent_count^2 Total_Trans_Ct^2,-0.088610115
poly__Contacts_Count_12_mon Total_Ct_Chng_Q4_Q1 Total_Trans_Ct,0.088105827
poly__Contacts_Count_12_mon Dependent_count Months_Inactive_12_mon Total_Revolving_Bal,-0.087858563
poly__Contacts_Count_12_mon Total_Amt_Chng_Q4_Q1 Total_Revolving_Bal Total_Trans_Amt,0.087501392
poly__Avg_Utilization_Ratio Contacts_Count_12_mon Total_Trans_Ct^2,-0.085440613
poly__Avg_Utilization_Ratio^2 Contacts_Count_12_mon,-0.085351316
poly__Contacts_Count_12_mon Dependent_count Months_Inactive_12_mon Total_Ct_Chng_Q4_Q1,0.0853001
poly__Contacts_Count_12_mon Total_Ct_Chng_Q4_Q1^2 Total_Relationship_Count,0.084219266
poly__Contacts_Count_12_mon^2 Months_Inactive_12_mon Total_Trans_Amt,0.084095148
poly__Dependent_count Months_Inactive_12_mon Total_Amt_Chng_Q4_Q1 Total_Trans_Ct,-0.083952509
poly__Dependent_count Total_Ct_Chng_Q4_Q1^2 Total_Revolving_Bal,-0.082944753
poly__Avg_Utilization_Ratio Total_Relationship_Count Total_Trans_Ct,-0.082874963
poly__Dependent_count Total_Revolving_Bal^2 Total_Trans_Ct,0.082304026
poly__Dependent_count Total_Relationship_Count^2 Total_Revolving_Bal,-0.081501952
poly__Dependent_count Months_Inactive_12_mon Total_Revolving_Bal,-0.08055517
poly__Months_Inactive_12_mon Total_Revolving_Bal Total_Trans_Amt Total_Trans_Ct,0.080329232
poly__Total_Relationship_Count Total_Revolving_Bal^2 Total_Trans_Amt,0.080195864
poly__Contacts_Count_12_mon Total_Amt_Chng_Q4_Q1 Total_Relationship_Count Total_Revolving_Bal,0.079760673
poly__Total_Amt_Chng_Q4_Q1^3 Total_Ct_Chng_Q4_Q1,0.079702248
poly__Dependent_count Months_Inactive_12_mon^2 Total_Trans_Ct,0.079577472
poly__Avg_Utilization_Ratio Total_Ct_Chng_Q4_Q1 Total_Revolving_Bal Total_Trans_Amt,-0.07812295
poly__Contacts_Count_12_mon Total_Revolving_Bal Total_Trans_Ct^2,-0.077028605
poly__Avg_Utilization_Ratio Dependent_count Total_Relationship_Count Total_Revolving_Bal,-0.076701791
poly__Months_Inactive_12_mon Total_Relationship_Count^2 Total_Revolving_Bal,-0.075954371
poly__Dependent_count Total_Relationship_Count^2,-0.075773668
poly__Months_Inactive_12_mon^2 Total_Trans_Amt Total_Trans_Ct,-0.073570332
poly__Avg_Utilization_Ratio^2 Total_Relationship_Count Total_Trans_Ct,-0.072140068
poly__Total_Amt_Chng_Q4_Q1 Total_Ct_Chng_Q4_Q1 Total_Revolving_Bal Total_Trans_Amt,0.072128079
poly__Dependent_count Total_Amt_Chng_Q4_Q1 Total_Ct_Chng_Q4_Q1,0.071778355
poly__Avg_Utilization_Ratio Dependent_count Total_Ct_Chng_Q4_Q1 Total_Revolving_Bal,-0.070750854
poly__Contacts_Count_12_mon Dependent_count Total_Revolving_Bal,0.070739307
poly__Total_Relationship_Count^2 Total_Revolving_Bal Total_Trans_Amt,0.070516261
poly__Dependent_count Total_Ct_Chng_Q4_Q1^3,0.070256209
poly__Dependent_count Total_Amt_Chng_Q4_Q1,-0.068915117
poly__Avg_Utilization_Ratio Contacts_Count_12_mon Total_Revolving_Bal Total_Trans_Ct,0.068773935
poly__Dependent_count Total_Amt_Chng_Q4_Q1^2 Total_Trans_Amt,-0.068686251
poly__Months_Inactive_12_mon Total_Amt_Chng_Q4_Q1 Total_Revolving_Bal Total_Trans_Amt,-0.06817842
poly__Avg_Utilization_Ratio^2 Contacts_Count_12_mon^2,-0.068109442
poly__Dependent_count Months_Inactive_12_mon Total_Trans_Amt^2,0.067899397
poly__Total_Trans_Amt Total_Trans_Ct^2,0.067755316
poly__Contacts_Count_12_mon^2 Dependent_count Total_Relationship_Count,-0.067631971
poly__Avg_Utilization_Ratio Contacts_Count_12_mon^2 Dependent_count,0.067361191
poly__Months_Inactive_12_mon Total_Amt_Chng_Q4_Q1^2 Total_Ct_Chng_Q4_Q1,-0.067345721
poly__Contacts_Count_12_mon Total_Trans_Ct^2,-0.066903281
poly__Avg_Utilization_Ratio Months_Inactive_12_mon,0.066789579
poly__Dependent_count,0.065114078
poly__Avg_Utilization_Ratio Contacts_Count_12_mon Dependent_count Total_Relationship_Count,0.064682157
poly__Avg_Utilization_Ratio Total_Relationship_Count Total_Revolving_Bal,0.063606398
poly__Contacts_Count_12_mon Dependent_count^2 Total_Revolving_Bal,0.063515322
poly__Dependent_count Total_Revolving_Bal^2,-0.063271959
poly__Avg_Utilization_Ratio Total_Ct_Chng_Q4_Q1,0.063228663
poly__Contacts_Count_12_mon Total_Amt_Chng_Q4_Q1 Total_Relationship_Count^2,0.062525835
poly__Avg_Utilization_Ratio Total_Revolving_Bal Total_Trans_Amt^2,0.062068035
poly__Contacts_Count_12_mon Total_Relationship_Count Total_Revolving_Bal,-0.061833464
poly__Total_Amt_Chng_Q4_Q1 Total_Ct_Chng_Q4_Q1 Total_Relationship_Count,-0.061535127
poly__Months_Inactive_12_mon^2 Total_Amt_Chng_Q4_Q1 Total_Ct_Chng_Q4_Q1,-0.06143157
poly__Contacts_Count_12_mon^2 Dependent_count^2,0.061314666
poly__Contacts_Count_12_mon Total_Amt_Chng_Q4_Q1 Total_Trans_Amt,-0.060977705
poly__Dependent_count Months_Inactive_12_mon Total_Amt_Chng_Q4_Q1,-0.060645044
poly__Dependent_count^2 Months_Inactive_12_mon,0.060018852
poly__Avg_Utilization_Ratio^2 Total_Trans_Amt,-0.060015345
poly__Contacts_Count_12_mon^2 Total_Ct_Chng_Q4_Q1 Total_Trans_Amt,0.060000977
poly__Months_Inactive_12_mon Total_Amt_Chng_Q4_Q1 Total_Revolving_Bal^2,-0.059827595
poly__Contacts_Count_12_mon Total_Ct_Chng_Q4_Q1,0.059524322
poly__Avg_Utilization_Ratio Contacts_Count_12_mon Months_Inactive_12_mon Total_Relationship_Count,-0.058630644
poly__Dependent_count Total_Revolving_Bal^2 Total_Trans_Amt,0.058306406
poly__Contacts_Count_12_mon Total_Amt_Chng_Q4_Q1^2 Total_Trans_Ct,-0.058248308
poly__Dependent_count^2 Total_Relationship_Count Total_Trans_Amt,-0.058085099
poly__Avg_Utilization_Ratio^2 Contacts_Count_12_mon Total_Trans_Amt,-0.057989831
poly__Avg_Utilization_Ratio Dependent_count Total_Amt_Chng_Q4_Q1^2,0.057641104
poly__Total_Ct_Chng_Q4_Q1 Total_Relationship_Count Total_Trans_Ct^2,-0.05753661
poly__Dependent_count Total_Trans_Amt^2 Total_Trans_Ct,-0.056587692
poly__Total_Amt_Chng_Q4_Q1 Total_Relationship_Count,0.056435604
poly__Contacts_Count_12_mon Dependent_count Total_Amt_Chng_Q4_Q1 Total_Relationship_Count,0.056304681
poly__Months_Inactive_12_mon Total_Relationship_Count Total_Trans_Ct,-0.055967087
poly__Months_Inactive_12_mon Total_Relationship_Count Total_Revolving_Bal,-0.055869491
poly__Avg_Utilization_Ratio Total_Amt_Chng_Q4_Q1 Total_Relationship_Count,0.055850707
poly__Avg_Utilization_Ratio Dependent_count Total_Revolving_Bal Total_Trans_Amt,-0.055394448
poly__Total_Amt_Chng_Q4_Q1 Total_Relationship_Count Total_Revolving_Bal^2,-0.055359518
poly__Dependent_count Total_Trans_Amt Total_Trans_Ct,0.055108955
poly__Total_Amt_Chng_Q4_Q1 Total_Ct_Chng_Q4_Q1 Total_Revolving_Bal,-0.054852504
poly__Avg_Utilization_Ratio Contacts_Count_12_mon Total_Revolving_Bal^2,-0.052761576
poly__Dependent_count Total_Relationship_Count Total_Revolving_Bal Total_Trans_Amt,-0.05250784
poly__Contacts_Count_12_mon Months_Inactive_12_mon Total_Amt_Chng_Q4_Q1,0.052412402
poly__Months_Inactive_12_mon^2 Total_Revolving_Bal,-0.05219003
poly__Dependent_count Total_Ct_Chng_Q4_Q1^2 Total_Trans_Ct,-0.052181359
poly__Months_Inactive_12_mon Total_Ct_Chng_Q4_Q1 Total_Revolving_Bal,0.052110062
poly__Contacts_Count_12_mon Dependent_count^2 Total_Ct_Chng_Q4_Q1,0.051881061
poly__Contacts_Count_12_mon Dependent_count Total_Ct_Chng_Q4_Q1 Total_Relationship_Count,0.051678043
poly__Avg_Utilization_Ratio Total_Trans_Ct^2,0.051193555
poly__Months_Inactive_12_mon Total_Amt_Chng_Q4_Q1 Total_Ct_Chng_Q4_Q1 Total_Trans_Amt,-0.050693196
poly__Months_Inactive_12_mon Total_Relationship_Count,0.050070061
poly__Months_Inactive_12_mon Total_Amt_Chng_Q4_Q1 Total_Ct_Chng_Q4_Q1 Total_Relationship_Count,0.049951177
poly__Dependent_count^3 Total_Trans_Amt,0.049447473
poly__Avg_Utilization_Ratio^2 Dependent_count Total_Relationship_Count,-0.048318878
poly__Months_Inactive_12_mon Total_Ct_Chng_Q4_Q1^2 Total_Trans_Ct,-0.047322787
poly__Contacts_Count_12_mon Total_Revolving_Bal Total_Trans_Amt,0.046758949
poly__Avg_Utilization_Ratio^2 Total_Revolving_Bal,0.046135082
poly__Contacts_Count_12_mon Dependent_count^3,-0.04592042
poly__Months_Inactive_12_mon Total_Amt_Chng_Q4_Q1 Total_Relationship_Count,-0.045334922
remainder__Card_Category,0.044960509
poly__Total_Amt_Chng_Q4_Q1^4,0.044747374
poly__Months_Inactive_12_mon Total_Amt_Chng_Q4_Q1 Total_Relationship_Count Total_Trans_Ct,0.044641292
poly__Contacts_Count_12_mon Total_Revolving_Bal^3,-0.044455881
poly__Total_Ct_Chng_Q4_Q1 Total_Revolving_Bal Total_Trans_Amt,-0.044044152
poly__Total_Ct_Chng_Q4_Q1 Total_Revolving_Bal Total_Trans_Ct^2,0.044036109
poly__Total_Ct_Chng_Q4_Q1 Total_Revolving_Bal Total_Trans_Ct,0.044034348
poly__Avg_Utilization_Ratio^3 Total_Relationship_Count,0.043581566
poly__Total_Amt_Chng_Q4_Q1 Total_Revolving_Bal,0.043475574
poly__Dependent_count Months_Inactive_12_mon^2,0.043367677
poly__Total_Amt_Chng_Q4_Q1^2 Total_Relationship_Count Total_Revolving_Bal,-0.042346401
poly__Total_Amt_Chng_Q4_Q1^2 Total_Trans_Amt Total_Trans_Ct,0.041518948
poly__Avg_Utilization_Ratio Contacts_Count_12_mon Total_Amt_Chng_Q4_Q1 Total_Relationship_Count,0.04149605
poly__Total_Ct_Chng_Q4_Q1^3 Total_Relationship_Count,0.040853462
poly__Contacts_Count_12_mon^2 Total_Ct_Chng_Q4_Q1 Total_Trans_Ct,0.039899317
poly__Avg_Utilization_Ratio Dependent_count Total_Ct_Chng_Q4_Q1,0.03962872
poly__Months_Inactive_12_mon^2 Total_Relationship_Count,-0.039559207
poly__Total_Ct_Chng_Q4_Q1^2 Total_Trans_Amt^2,-0.038940832
poly__Avg_Utilization_Ratio^2 Contacts_Count_12_mon Months_Inactive_12_mon,0.03882432
poly__Contacts_Count_12_mon^2 Total_Amt_Chng_Q4_Q1 Total_Revolving_Bal,-0.038682775
poly__Dependent_count Total_Revolving_Bal Total_Trans_Amt Total_Trans_Ct,0.038337364
poly__Total_Amt_Chng_Q4_Q1,0.037913876
poly__Contacts_Count_12_mon^2 Total_Relationship_Count Total_Revolving_Bal,-0.037478116
poly__Avg_Utilization_Ratio^2 Dependent_count Total_Amt_Chng_Q4_Q1,0.037445195
poly__Avg_Utilization_Ratio^2 Contacts_Count_12_mon Total_Trans_Ct,-0.036466389
poly__Dependent_count Total_Ct_Chng_Q4_Q1 Total_Trans_Amt^2,-0.036401788
poly__Avg_Utilization_Ratio Contacts_Count_12_mon Dependent_count Months_Inactive_12_mon,0.036304388
poly__Contacts_Count_12_mon Dependent_count Total_Amt_Chng_Q4_Q1^2,0.034364097
poly__Dependent_count Total_Ct_Chng_Q4_Q1 Total_Revolving_Bal,0.033781064
poly__Total_Relationship_Count Total_Trans_Ct^3,0.03370511
poly__Contacts_Count_12_mon Total_Amt_Chng_Q4_Q1^2 Total_Relationship_Count,-0.032998509
poly__Dependent_count Months_Inactive_12_mon Total_Ct_Chng_Q4_Q1 Total_Trans_Amt,0.032937272
poly__Months_Inactive_12_mon^2 Total_Revolving_Bal^2,0.031927672
poly__Contacts_Count_12_mon Dependent_count Total_Amt_Chng_Q4_Q1,-0.031475728
poly__Avg_Utilization_Ratio Total_Ct_Chng_Q4_Q1 Total_Relationship_Count^2,0.030717086
poly__Contacts_Count_12_mon^2 Total_Amt_Chng_Q4_Q1 Total_Ct_Chng_Q4_Q1,-0.030406459
poly__Avg_Utilization_Ratio Total_Amt_Chng_Q4_Q1,0.030226484
remainder__Income_Category,-0.029623244
poly__Months_Inactive_12_mon^2 Total_Relationship_Count Total_Trans_Amt,0.029605867
poly__Dependent_count Total_Amt_Chng_Q4_Q1 Total_Relationship_Count Total_Trans_Ct,-0.029495329
poly__Total_Amt_Chng_Q4_Q1^2 Total_Trans_Ct,0.029436048
poly__Dependent_count Total_Amt_Chng_Q4_Q1 Total_Ct_Chng_Q4_Q1 Total_Trans_Amt,0.029329126
poly__Avg_Utilization_Ratio Contacts_Count_12_mon Total_Relationship_Count Total_Trans_Amt,0.026458173
poly__Contacts_Count_12_mon Total_Amt_Chng_Q4_Q1 Total_Trans_Amt^2,-0.026080992
poly__Avg_Utilization_Ratio Months_Inactive_12_mon Total_Ct_Chng_Q4_Q1 Total_Relationship_Count,0.02546088
poly__Avg_Utilization_Ratio Dependent_count Months_Inactive_12_mon Total_Amt_Chng_Q4_Q1,-0.025339889
poly__Dependent_count^2 Total_Relationship_Count Total_Revolving_Bal,0.025248762
poly__Total_Amt_Chng_Q4_Q1^2 Total_Ct_Chng_Q4_Q1 Total_Revolving_Bal,-0.024796064
poly__Avg_Utilization_Ratio^2 Contacts_Count_12_mon Total_Relationship_Count,-0.024215353
poly__Total_Relationship_Count^2 Total_Trans_Amt^2,0.023944864
poly__Dependent_count Total_Relationship_Count Total_Revolving_Bal Total_Trans_Ct,-0.023646701
poly__Avg_Utilization_Ratio Months_Inactive_12_mon Total_Relationship_Count^2,-0.023609191
poly__Contacts_Count_12_mon^2 Months_Inactive_12_mon^2,-0.023358017
poly__Contacts_Count_12_mon^2 Total_Ct_Chng_Q4_Q1^2,-0.023314344
poly__Contacts_Count_12_mon Dependent_count Total_Ct_Chng_Q4_Q1,-0.022519015
poly__Avg_Utilization_Ratio Total_Amt_Chng_Q4_Q1 Total_Ct_Chng_Q4_Q1 Total_Trans_Ct,0.021503994
poly__Months_Inactive_12_mon Total_Amt_Chng_Q4_Q1 Total_Ct_Chng_Q4_Q1 Total_Trans_Ct,0.021326896
poly__Contacts_Count_12_mon Total_Ct_Chng_Q4_Q1^2 Total_Trans_Amt,0.021214951
poly__Contacts_Count_12_mon^2 Dependent_count Total_Trans_Amt,-0.021085813
poly__Avg_Utilization_Ratio Contacts_Count_12_mon^2,0.021066891
poly__Contacts_Count_12_mon Total_Amt_Chng_Q4_Q1 Total_Relationship_Count,-0.020991909
poly__Avg_Utilization_Ratio Total_Relationship_Count Total_Revolving_Bal Total_Trans_Ct,0.020884376
poly__Total_Amt_Chng_Q4_Q1 Total_Revolving_Bal Total_Trans_Amt,-0.020574498
poly__Dependent_count Total_Amt_Chng_Q4_Q1 Total_Trans_Ct^2,-0.020224449
poly__Avg_Utilization_Ratio^2 Dependent_count Months_Inactive_12_mon,0.019889667
poly__Contacts_Count_12_mon Total_Ct_Chng_Q4_Q1 Total_Relationship_Count,-0.019464183
poly__Total_Amt_Chng_Q4_Q1 Total_Relationship_Count^2 Total_Trans_Ct,0.019123855
poly__Avg_Utilization_Ratio Contacts_Count_12_mon^2 Total_Amt_Chng_Q4_Q1,-0.019019868
poly__Contacts_Count_12_mon Total_Ct_Chng_Q4_Q1 Total_Relationship_Count^2,-0.018804309
poly__Contacts_Count_12_mon Total_Relationship_Count Total_Trans_Amt Total_Trans_Ct,0.01761235
poly__Avg_Utilization_Ratio^3 Total_Amt_Chng_Q4_Q1,0.017595352
poly__Dependent_count Total_Amt_Chng_Q4_Q1^2,0.017167926
poly__Avg_Utilization_Ratio Contacts_Count_12_mon Total_Ct_Chng_Q4_Q1 Total_Trans_Ct,-0.016766667
poly__Avg_Utilization_Ratio^2 Months_Inactive_12_mon Total_Relationship_Count,-0.015163994
poly__Avg_Utilization_Ratio Contacts_Count_12_mon Total_Relationship_Count,-0.014887495
poly__Total_Amt_Chng_Q4_Q1^2 Total_Trans_Ct^2,-0.014106832
poly__Avg_Utilization_Ratio Contacts_Count_12_mon Total_Trans_Amt,-0.013355222
poly__Avg_Utilization_Ratio Months_Inactive_12_mon^2 Total_Trans_Ct,-0.013004595
poly__Avg_Utilization_Ratio Months_Inactive_12_mon^3,-0.012883765
poly__Total_Relationship_Count^3 Total_Revolving_Bal,0.01266763
poly__Contacts_Count_12_mon^2 Total_Revolving_Bal^2,0.012295944
poly__Contacts_Count_12_mon Months_Inactive_12_mon^2 Total_Amt_Chng_Q4_Q1,-0.011367524
poly__Dependent_count^2 Total_Ct_Chng_Q4_Q1 Total_Trans_Ct,-0.010386926
poly__Contacts_Count_12_mon Months_Inactive_12_mon Total_Amt_Chng_Q4_Q1 Total_Trans_Ct,-0.010218048
poly__Avg_Utilization_Ratio Months_Inactive_12_mon Total_Amt_Chng_Q4_Q1 Total_Trans_Ct,-0.009830277
poly__Total_Amt_Chng_Q4_Q1 Total_Ct_Chng_Q4_Q1^3,-0.009728271
poly__Dependent_count^3 Total_Amt_Chng_Q4_Q1,0.00966219
poly__Contacts_Count_12_mon Months_Inactive_12_mon Total_Ct_Chng_Q4_Q1,-0.009319938
poly__Total_Ct_Chng_Q4_Q1^2 Total_Revolving_Bal,-0.009080924
poly__Avg_Utilization_Ratio^2 Total_Amt_Chng_Q4_Q1 Total_Trans_Amt,0.008778325
poly__Avg_Utilization_Ratio Total_Ct_Chng_Q4_Q1 Total_Trans_Amt Total_Trans_Ct,-0.007536308
poly__Months_Inactive_12_mon Total_Amt_Chng_Q4_Q1 Total_Ct_Chng_Q4_Q1^2,0.007231577
poly__Total_Ct_Chng_Q4_Q1^4,0.007016126
poly__Dependent_count Months_Inactive_12_mon Total_Ct_Chng_Q4_Q1 Total_Revolving_Bal,-0.006698916
poly__Avg_Utilization_Ratio Total_Ct_Chng_Q4_Q1 Total_Relationship_Count Total_Trans_Ct,-0.006202742
poly__Avg_Utilization_Ratio Months_Inactive_12_mon Total_Ct_Chng_Q4_Q1,0.006168427
poly__Contacts_Count_12_mon Months_Inactive_12_mon^2 Total_Relationship_Count,0.004595258
poly__Dependent_count Total_Amt_Chng_Q4_Q1 Total_Revolving_Bal,-0.004123068
poly__Avg_Utilization_Ratio Months_Inactive_12_mon Total_Amt_Chng_Q4_Q1^2,0.003295821
poly__Contacts_Count_12_mon Dependent_count Total_Trans_Amt,-0.002896361
poly__Total_Amt_Chng_Q4_Q1 Total_Relationship_Count^2,-0.002346494
poly__Months_Inactive_12_mon^2 Total_Relationship_Count Total_Revolving_Bal,-0.002221961
poly__Total_Ct_Chng_Q4_Q1^2 Total_Revolving_Bal^2,-0.002039072
poly__Months_Inactive_12_mon^2 Total_Amt_Chng_Q4_Q1^2,0.001777838
poly__Avg_Utilization_Ratio Contacts_Count_12_mon Months_Inactive_12_mon Total_Revolving_Bal,0.001571492
poly__Avg_Utilization_Ratio Contacts_Count_12_mon Total_Ct_Chng_Q4_Q1 Total_Revolving_Bal,0.001168368
poly__Avg_Utilization_Ratio^2 Total_Relationship_Count^2,-0.000488408
poly__1,0
